Mosaic;Tegel;Indicator;Eenheid;Periode;gebied / dimensie;Waarde;Bron;Omschrijving
"Bevolking";"Inwoners";"Aantal inwoners per 1-1";"aantal";"2024";"Den Haag";"566731";"DHIC/Gemeente Den Haag/Dienst Publieke Zaken";"CBS bevolkingsgegevens voor de periode 1977-1992. Bevroren bestand burgerzaken met als peildatum 1/1 vanaf 1993.";
"Bevolking";"Inwoners";"Aantal inwoners per 1-1";"aantal";"2019";"Den Haag";"539040";"DHIC/Gemeente Den Haag/Dienst Publieke Zaken";"CBS bevolkingsgegevens voor de periode 1977-1992. Bevroren bestand burgerzaken met als peildatum 1/1 vanaf 1993.";
"Bevolking";"Bevolkingsgroei in 5 jaar tijd";"Bevolkingsgroei in 5 jaar tijd";"procent (%)";"2024";"Den Haag";"5,1";"DHIC/Gemeente Den Haag/Dienst Publieke Zaken";"Groei van de bevolking per jaar vergeleken met 5 jaar eerder.";
"Bevolking";"Gemiddelde leeftijd ";"Gemiddelde leeftijd bevolking";"leeftijd";"2024";"Den Haag";"39,4";"DHIC/Gemeente Den Haag/Dienst Stedelijke Ontwikkeling/SEPO";"De gemiddelde leeftijd van de bevolking wordt bepaald aan de hand van de bevolking naar leeftijd op 1 januari op basis van het klassemidden.";
"Bevolking";"Geborenen en overledenen";"Aantal geborenen per 1000 inwoners";"per 1.000 inwoners";"2023";"Den Haag";"9,88418140296419";"DHIC/Gemeente Den Haag/Dienst Publieke Zaken";"Aantal geborenen gedeeld door het aantal inwoners* 1000.";
"Bevolking";"Geborenen en overledenen";"Aantal geborenen per 1000 inwoners";"per 1.000 inwoners";"2018";"Den Haag";"11,7686566884167";"DHIC/Gemeente Den Haag/Dienst Publieke Zaken";"Aantal geborenen gedeeld door het aantal inwoners* 1000.";
"Bevolking";"Geborenen en overledenen";"Aantal overledenen per 1000 inwoners";"per 1.000 inwoners";"2023";"Den Haag";"7,83311609207241";"DHIC/Gemeente Den Haag/Dienst Publieke Zaken";"Aantal overledenen gedeeld door het aantal inwo- ners*1000.";
"Bevolking";"Geborenen en overledenen";"Aantal overledenen per 1000 inwoners";"per 1.000 inwoners";"2018";"Den Haag";"7,91706220709684";"DHIC/Gemeente Den Haag/Dienst Publieke Zaken";"Aantal overledenen gedeeld door het aantal inwo- ners*1000.";
"Bevolking";"Inwoners naar migratieachtergrond";"% Nederlands";"percentage";"2024";"Den Haag";"40,8";"DHIC/Gemeente Den Haag/Dienst Publieke Zaken";"Er is gebruik gemaakt van het zgn bevroren bestand burgerzaken met als peildatum 1/1. Admin. correcties vinden later plaats.";
"Bevolking";"Inwoners naar migratieachtergrond";"% Nederlands";"percentage";"2019";"Den Haag";"45,3";"DHIC/Gemeente Den Haag/Dienst Publieke Zaken";"Er is gebruik gemaakt van het zgn bevroren bestand burgerzaken met als peildatum 1/1. Admin. correcties vinden later plaats.";
"Bevolking";"Inwoners naar migratieachtergrond";"% Met migratieachtergrond";"percentage";"2024";"Den Haag";"59,2";"DHIC/Gemeente Den Haag/Dienst Publieke Zaken";"Er is gebruik gemaakt van het zgn bevroren bestand burgerzaken met als peildatum 1/1. Admin. correcties vinden later plaats.";
"Bevolking";"Inwoners naar migratieachtergrond";"% Met migratieachtergrond";"percentage";"2019";"Den Haag";"54,7";"DHIC/Gemeente Den Haag/Dienst Publieke Zaken";"Er is gebruik gemaakt van het zgn bevroren bestand burgerzaken met als peildatum 1/1. Admin. correcties vinden later plaats.";
"Bevolking";"Vestiging en vertrek";"Vestiging per 1000 inwoners";"per 1.000 inwoners";"1995";"Den Haag";"187,388897066316";"DHIC/Gemeente Den Haag/Dienst Publieke Zaken";"Aantal personen dat verhuisd is van elders naar het betreffende stadsdeel/wijk/buurt en het aant. personen dat binnen het stadsdeel/wijk/buurt verhuisd is per duizend inwoners.";
"Bevolking";"Vestiging en vertrek";"Vestiging per 1000 inwoners";"per 1.000 inwoners";"1996";"Den Haag";"195,945945945946";"DHIC/Gemeente Den Haag/Dienst Publieke Zaken";"Aantal personen dat verhuisd is van elders naar het betreffende stadsdeel/wijk/buurt en het aant. personen dat binnen het stadsdeel/wijk/buurt verhuisd is per duizend inwoners.";
"Bevolking";"Vestiging en vertrek";"Vestiging per 1000 inwoners";"per 1.000 inwoners";"1997";"Den Haag";"191,974815856783";"DHIC/Gemeente Den Haag/Dienst Publieke Zaken";"Aantal personen dat verhuisd is van elders naar het betreffende stadsdeel/wijk/buurt en het aant. personen dat binnen het stadsdeel/wijk/buurt verhuisd is per duizend inwoners.";
"Bevolking";"Vestiging en vertrek";"Vestiging per 1000 inwoners";"per 1.000 inwoners";"1998";"Den Haag";"191,508343045053";"DHIC/Gemeente Den Haag/Dienst Publieke Zaken";"Aantal personen dat verhuisd is van elders naar het betreffende stadsdeel/wijk/buurt en het aant. personen dat binnen het stadsdeel/wijk/buurt verhuisd is per duizend inwoners.";
"Bevolking";"Vestiging en vertrek";"Vestiging per 1000 inwoners";"per 1.000 inwoners";"1999";"Den Haag";"183,945236188224";"DHIC/Gemeente Den Haag/Dienst Publieke Zaken";"Aantal personen dat verhuisd is van elders naar het betreffende stadsdeel/wijk/buurt en het aant. personen dat binnen het stadsdeel/wijk/buurt verhuisd is per duizend inwoners.";
"Bevolking";"Vestiging en vertrek";"Vestiging per 1000 inwoners";"per 1.000 inwoners";"2000";"Den Haag";"159,817455117582";"DHIC/Gemeente Den Haag/Dienst Publieke Zaken";"Aantal personen dat verhuisd is van elders naar het betreffende stadsdeel/wijk/buurt en het aant. personen dat binnen het stadsdeel/wijk/buurt verhuisd is per duizend inwoners.";
"Bevolking";"Vestiging en vertrek";"Vestiging per 1000 inwoners";"per 1.000 inwoners";"2001";"Den Haag";"157,526581494351";"DHIC/Gemeente Den Haag/Dienst Publieke Zaken";"Aantal personen dat verhuisd is van elders naar het betreffende stadsdeel/wijk/buurt en het aant. personen dat binnen het stadsdeel/wijk/buurt verhuisd is per duizend inwoners.";
"Bevolking";"Vestiging en vertrek";"Vestiging per 1000 inwoners";"per 1.000 inwoners";"2002";"Den Haag";"174,61992597351";"DHIC/Gemeente Den Haag/Dienst Publieke Zaken";"Aantal personen dat verhuisd is van elders naar het betreffende stadsdeel/wijk/buurt en het aant. personen dat binnen het stadsdeel/wijk/buurt verhuisd is per duizend inwoners.";
"Bevolking";"Vestiging en vertrek";"Vestiging per 1000 inwoners";"per 1.000 inwoners";"2003";"Den Haag";"172,604441147677";"DHIC/Gemeente Den Haag/Dienst Publieke Zaken";"Aantal personen dat verhuisd is van elders naar het betreffende stadsdeel/wijk/buurt en het aant. personen dat binnen het stadsdeel/wijk/buurt verhuisd is per duizend inwoners.";
"Bevolking";"Vestiging en vertrek";"Vestiging per 1000 inwoners";"per 1.000 inwoners";"2004";"Den Haag";"155,612440476698";"DHIC/Gemeente Den Haag/Dienst Publieke Zaken";"Aantal personen dat verhuisd is van elders naar het betreffende stadsdeel/wijk/buurt en het aant. personen dat binnen het stadsdeel/wijk/buurt verhuisd is per duizend inwoners.";
"Bevolking";"Vestiging en vertrek";"Vestiging per 1000 inwoners";"per 1.000 inwoners";"2005";"Den Haag";"164,433674301559";"DHIC/Gemeente Den Haag/Dienst Publieke Zaken";"Aantal personen dat verhuisd is van elders naar het betreffende stadsdeel/wijk/buurt en het aant. personen dat binnen het stadsdeel/wijk/buurt verhuisd is per duizend inwoners.";
"Bevolking";"Vestiging en vertrek";"Vestiging per 1000 inwoners";"per 1.000 inwoners";"2006";"Den Haag";"158,995332015644";"DHIC/Gemeente Den Haag/Dienst Publieke Zaken";"Aantal personen dat verhuisd is van elders naar het betreffende stadsdeel/wijk/buurt en het aant. personen dat binnen het stadsdeel/wijk/buurt verhuisd is per duizend inwoners.";
"Bevolking";"Vestiging en vertrek";"Vestiging per 1000 inwoners";"per 1.000 inwoners";"2007";"Den Haag";"161,628157154248";"DHIC/Gemeente Den Haag/Dienst Publieke Zaken";"Aantal personen dat verhuisd is van elders naar het betreffende stadsdeel/wijk/buurt en het aant. personen dat binnen het stadsdeel/wijk/buurt verhuisd is per duizend inwoners.";
"Bevolking";"Vestiging en vertrek";"Vestiging per 1000 inwoners";"per 1.000 inwoners";"2008";"Den Haag";"168,485660973642";"DHIC/Gemeente Den Haag/Dienst Publieke Zaken";"Aantal personen dat verhuisd is van elders naar het betreffende stadsdeel/wijk/buurt en het aant. personen dat binnen het stadsdeel/wijk/buurt verhuisd is per duizend inwoners.";
"Bevolking";"Vestiging en vertrek";"Vestiging per 1000 inwoners";"per 1.000 inwoners";"2009";"Den Haag";"162,583158898261";"DHIC/Gemeente Den Haag/Dienst Publieke Zaken";"Aantal personen dat verhuisd is van elders naar het betreffende stadsdeel/wijk/buurt en het aant. personen dat binnen het stadsdeel/wijk/buurt verhuisd is per duizend inwoners.";
"Bevolking";"Vestiging en vertrek";"Vestiging per 1000 inwoners";"per 1.000 inwoners";"2010";"Den Haag";"162,607225852339";"DHIC/Gemeente Den Haag/Dienst Publieke Zaken";"Aantal personen dat verhuisd is van elders naar het betreffende stadsdeel/wijk/buurt en het aant. personen dat binnen het stadsdeel/wijk/buurt verhuisd is per duizend inwoners.";
"Bevolking";"Vestiging en vertrek";"Vestiging per 1000 inwoners";"per 1.000 inwoners";"2011";"Den Haag";"149,763447619969";"DHIC/Gemeente Den Haag/Dienst Publieke Zaken";"Aantal personen dat verhuisd is van elders naar het betreffende stadsdeel/wijk/buurt en het aant. personen dat binnen het stadsdeel/wijk/buurt verhuisd is per duizend inwoners.";
"Bevolking";"Vestiging en vertrek";"Vestiging per 1000 inwoners";"per 1.000 inwoners";"2012";"Den Haag";"146,576584818676";"DHIC/Gemeente Den Haag/Dienst Publieke Zaken";"Aantal personen dat verhuisd is van elders naar het betreffende stadsdeel/wijk/buurt en het aant. personen dat binnen het stadsdeel/wijk/buurt verhuisd is per duizend inwoners.";
"Bevolking";"Vestiging en vertrek";"Vestiging per 1000 inwoners";"per 1.000 inwoners";"2013";"Den Haag";"157,129428121161";"DHIC/Gemeente Den Haag/Dienst Publieke Zaken";"Aantal personen dat verhuisd is van elders naar het betreffende stadsdeel/wijk/buurt en het aant. personen dat binnen het stadsdeel/wijk/buurt verhuisd is per duizend inwoners.";
"Bevolking";"Vestiging en vertrek";"Vestiging per 1000 inwoners";"per 1.000 inwoners";"2014";"Den Haag";"158,887306202691";"DHIC/Gemeente Den Haag/Dienst Publieke Zaken";"Aantal personen dat verhuisd is van elders naar het betreffende stadsdeel/wijk/buurt en het aant. personen dat binnen het stadsdeel/wijk/buurt verhuisd is per duizend inwoners.";
"Bevolking";"Vestiging en vertrek";"Vestiging per 1000 inwoners";"per 1.000 inwoners";"2015";"Den Haag";"158,159456624378";"DHIC/Gemeente Den Haag/Dienst Publieke Zaken";"Aantal personen dat verhuisd is van elders naar het betreffende stadsdeel/wijk/buurt en het aant. personen dat binnen het stadsdeel/wijk/buurt verhuisd is per duizend inwoners.";
"Bevolking";"Vestiging en vertrek";"Vestiging per 1000 inwoners";"per 1.000 inwoners";"2016";"Den Haag";"163,28114047133";"DHIC/Gemeente Den Haag/Dienst Publieke Zaken";"Aantal personen dat verhuisd is van elders naar het betreffende stadsdeel/wijk/buurt en het aant. personen dat binnen het stadsdeel/wijk/buurt verhuisd is per duizend inwoners.";
"Bevolking";"Vestiging en vertrek";"Vestiging per 1000 inwoners";"per 1.000 inwoners";"2017";"Den Haag";"168,692046524456";"DHIC/Gemeente Den Haag/Dienst Publieke Zaken";"Aantal personen dat verhuisd is van elders naar het betreffende stadsdeel/wijk/buurt en het aant. personen dat binnen het stadsdeel/wijk/buurt verhuisd is per duizend inwoners.";
"Bevolking";"Vestiging en vertrek";"Vestiging per 1000 inwoners";"per 1.000 inwoners";"2018";"Den Haag";"153,493450600909";"DHIC/Gemeente Den Haag/Dienst Publieke Zaken";"Aantal personen dat verhuisd is van elders naar het betreffende stadsdeel/wijk/buurt en het aant. personen dat binnen het stadsdeel/wijk/buurt verhuisd is per duizend inwoners.";
"Bevolking";"Vestiging en vertrek";"Vestiging per 1000 inwoners";"per 1.000 inwoners";"2019";"Den Haag";"155,203695458593";"DHIC/Gemeente Den Haag/Dienst Publieke Zaken";"Aantal personen dat verhuisd is van elders naar het betreffende stadsdeel/wijk/buurt en het aant. personen dat binnen het stadsdeel/wijk/buurt verhuisd is per duizend inwoners.";
"Bevolking";"Vestiging en vertrek";"Vestiging per 1000 inwoners";"per 1.000 inwoners";"2020";"Den Haag";"154,582810912718";"DHIC/Gemeente Den Haag/Dienst Publieke Zaken";"Aantal personen dat verhuisd is van elders naar het betreffende stadsdeel/wijk/buurt en het aant. personen dat binnen het stadsdeel/wijk/buurt verhuisd is per duizend inwoners.";
"Bevolking";"Vestiging en vertrek";"Vestiging per 1000 inwoners";"per 1.000 inwoners";"2021";"Den Haag";"155,503921422237";"DHIC/Gemeente Den Haag/Dienst Publieke Zaken";"Aantal personen dat verhuisd is van elders naar het betreffende stadsdeel/wijk/buurt en het aant. personen dat binnen het stadsdeel/wijk/buurt verhuisd is per duizend inwoners.";
"Bevolking";"Vestiging en vertrek";"Vestiging per 1000 inwoners";"per 1.000 inwoners";"2022";"Den Haag";"166,000368692911";"DHIC/Gemeente Den Haag/Dienst Publieke Zaken";"Aantal personen dat verhuisd is van elders naar het betreffende stadsdeel/wijk/buurt en het aant. personen dat binnen het stadsdeel/wijk/buurt verhuisd is per duizend inwoners.";
"Bevolking";"Vestiging en vertrek";"Vestiging per 1000 inwoners";"per 1.000 inwoners";"2023";"Den Haag";"151,787712076602";"DHIC/Gemeente Den Haag/Dienst Publieke Zaken";"Aantal personen dat verhuisd is van elders naar het betreffende stadsdeel/wijk/buurt en het aant. personen dat binnen het stadsdeel/wijk/buurt verhuisd is per duizend inwoners.";
"Bevolking";"Vestiging en vertrek";"Vertrek per 1000 inwoners";"per 1.000 inwoners";"1995";"Den Haag";"187,103567748729";"DHIC/Gemeente Den Haag/Dienst Publieke Zaken";"Aantal personen dat verhuisd is vanuit het betreffende stadsdl/wijk/brt naar elders en het aantal personen dat binnen de stadsdeel/wijk/buurt verhuisd is per duizend inwoners.";
"Bevolking";"Vestiging en vertrek";"Vertrek per 1000 inwoners";"per 1.000 inwoners";"1996";"Den Haag";"197,817047817048";"DHIC/Gemeente Den Haag/Dienst Publieke Zaken";"Aantal personen dat verhuisd is vanuit het betreffende stadsdl/wijk/brt naar elders en het aantal personen dat binnen de stadsdeel/wijk/buurt verhuisd is per duizend inwoners.";
"Bevolking";"Vestiging en vertrek";"Vertrek per 1000 inwoners";"per 1.000 inwoners";"1997";"Den Haag";"192,372841108772";"DHIC/Gemeente Den Haag/Dienst Publieke Zaken";"Aantal personen dat verhuisd is vanuit het betreffende stadsdl/wijk/brt naar elders en het aantal personen dat binnen de stadsdeel/wijk/buurt verhuisd is per duizend inwoners.";
"Bevolking";"Vestiging en vertrek";"Vertrek per 1000 inwoners";"per 1.000 inwoners";"1998";"Den Haag";"197,671897444237";"DHIC/Gemeente Den Haag/Dienst Publieke Zaken";"Aantal personen dat verhuisd is vanuit het betreffende stadsdl/wijk/brt naar elders en het aantal personen dat binnen de stadsdeel/wijk/buurt verhuisd is per duizend inwoners.";
"Bevolking";"Vestiging en vertrek";"Vertrek per 1000 inwoners";"per 1.000 inwoners";"1999";"Den Haag";"184,178939892769";"DHIC/Gemeente Den Haag/Dienst Publieke Zaken";"Aantal personen dat verhuisd is vanuit het betreffende stadsdl/wijk/brt naar elders en het aantal personen dat binnen de stadsdeel/wijk/buurt verhuisd is per duizend inwoners.";
"Bevolking";"Vestiging en vertrek";"Vertrek per 1000 inwoners";"per 1.000 inwoners";"2000";"Den Haag";"159,021711777682";"DHIC/Gemeente Den Haag/Dienst Publieke Zaken";"Aantal personen dat verhuisd is vanuit het betreffende stadsdl/wijk/brt naar elders en het aantal personen dat binnen de stadsdeel/wijk/buurt verhuisd is per duizend inwoners.";
"Bevolking";"Vestiging en vertrek";"Vertrek per 1000 inwoners";"per 1.000 inwoners";"2001";"Den Haag";"160,682674721185";"DHIC/Gemeente Den Haag/Dienst Publieke Zaken";"Aantal personen dat verhuisd is vanuit het betreffende stadsdl/wijk/brt naar elders en het aantal personen dat binnen de stadsdeel/wijk/buurt verhuisd is per duizend inwoners.";
"Bevolking";"Vestiging en vertrek";"Vertrek per 1000 inwoners";"per 1.000 inwoners";"2002";"Den Haag";"163,137954089592";"DHIC/Gemeente Den Haag/Dienst Publieke Zaken";"Aantal personen dat verhuisd is vanuit het betreffende stadsdl/wijk/brt naar elders en het aantal personen dat binnen de stadsdeel/wijk/buurt verhuisd is per duizend inwoners.";
"Bevolking";"Vestiging en vertrek";"Vertrek per 1000 inwoners";"per 1.000 inwoners";"2003";"Den Haag";"164,777015400406";"DHIC/Gemeente Den Haag/Dienst Publieke Zaken";"Aantal personen dat verhuisd is vanuit het betreffende stadsdl/wijk/brt naar elders en het aantal personen dat binnen de stadsdeel/wijk/buurt verhuisd is per duizend inwoners.";
"Bevolking";"Vestiging en vertrek";"Vertrek per 1000 inwoners";"per 1.000 inwoners";"2004";"Den Haag";"153,099470998629";"DHIC/Gemeente Den Haag/Dienst Publieke Zaken";"Aantal personen dat verhuisd is vanuit het betreffende stadsdl/wijk/brt naar elders en het aantal personen dat binnen de stadsdeel/wijk/buurt verhuisd is per duizend inwoners.";
"Bevolking";"Vestiging en vertrek";"Vertrek per 1000 inwoners";"per 1.000 inwoners";"2005";"Den Haag";"160,398401142162";"DHIC/Gemeente Den Haag/Dienst Publieke Zaken";"Aantal personen dat verhuisd is vanuit het betreffende stadsdl/wijk/brt naar elders en het aantal personen dat binnen de stadsdeel/wijk/buurt verhuisd is per duizend inwoners.";
"Bevolking";"Vestiging en vertrek";"Vertrek per 1000 inwoners";"per 1.000 inwoners";"2006";"Den Haag";"168,358635771058";"DHIC/Gemeente Den Haag/Dienst Publieke Zaken";"Aantal personen dat verhuisd is vanuit het betreffende stadsdl/wijk/brt naar elders en het aantal personen dat binnen de stadsdeel/wijk/buurt verhuisd is per duizend inwoners.";
"Bevolking";"Vestiging en vertrek";"Vertrek per 1000 inwoners";"per 1.000 inwoners";"2007";"Den Haag";"161,828544429023";"DHIC/Gemeente Den Haag/Dienst Publieke Zaken";"Aantal personen dat verhuisd is vanuit het betreffende stadsdl/wijk/brt naar elders en het aantal personen dat binnen de stadsdeel/wijk/buurt verhuisd is per duizend inwoners.";
"Bevolking";"Vestiging en vertrek";"Vertrek per 1000 inwoners";"per 1.000 inwoners";"2008";"Den Haag";"158,521466514255";"DHIC/Gemeente Den Haag/Dienst Publieke Zaken";"Aantal personen dat verhuisd is vanuit het betreffende stadsdl/wijk/brt naar elders en het aantal personen dat binnen de stadsdeel/wijk/buurt verhuisd is per duizend inwoners.";
"Bevolking";"Vestiging en vertrek";"Vertrek per 1000 inwoners";"per 1.000 inwoners";"2009";"Den Haag";"153,700441441628";"DHIC/Gemeente Den Haag/Dienst Publieke Zaken";"Aantal personen dat verhuisd is vanuit het betreffende stadsdl/wijk/brt naar elders en het aantal personen dat binnen de stadsdeel/wijk/buurt verhuisd is per duizend inwoners.";
"Bevolking";"Vestiging en vertrek";"Vertrek per 1000 inwoners";"per 1.000 inwoners";"2010";"Den Haag";"153,344465541591";"DHIC/Gemeente Den Haag/Dienst Publieke Zaken";"Aantal personen dat verhuisd is vanuit het betreffende stadsdl/wijk/brt naar elders en het aantal personen dat binnen de stadsdeel/wijk/buurt verhuisd is per duizend inwoners.";
"Bevolking";"Vestiging en vertrek";"Vertrek per 1000 inwoners";"per 1.000 inwoners";"2011";"Den Haag";"141,768218966101";"DHIC/Gemeente Den Haag/Dienst Publieke Zaken";"Aantal personen dat verhuisd is vanuit het betreffende stadsdl/wijk/brt naar elders en het aantal personen dat binnen de stadsdeel/wijk/buurt verhuisd is per duizend inwoners.";
"Bevolking";"Vestiging en vertrek";"Vertrek per 1000 inwoners";"per 1.000 inwoners";"2012";"Den Haag";"145,717399692125";"DHIC/Gemeente Den Haag/Dienst Publieke Zaken";"Aantal personen dat verhuisd is vanuit het betreffende stadsdl/wijk/brt naar elders en het aantal personen dat binnen de stadsdeel/wijk/buurt verhuisd is per duizend inwoners.";
"Bevolking";"Vestiging en vertrek";"Vertrek per 1000 inwoners";"per 1.000 inwoners";"2013";"Den Haag";"157,405907979604";"DHIC/Gemeente Den Haag/Dienst Publieke Zaken";"Aantal personen dat verhuisd is vanuit het betreffende stadsdl/wijk/brt naar elders en het aantal personen dat binnen de stadsdeel/wijk/buurt verhuisd is per duizend inwoners.";
"Bevolking";"Vestiging en vertrek";"Vertrek per 1000 inwoners";"per 1.000 inwoners";"2014";"Den Haag";"151,784838389427";"DHIC/Gemeente Den Haag/Dienst Publieke Zaken";"Aantal personen dat verhuisd is vanuit het betreffende stadsdl/wijk/brt naar elders en het aantal personen dat binnen de stadsdeel/wijk/buurt verhuisd is per duizend inwoners.";
"Bevolking";"Vestiging en vertrek";"Vertrek per 1000 inwoners";"per 1.000 inwoners";"2015";"Den Haag";"152,115701934506";"DHIC/Gemeente Den Haag/Dienst Publieke Zaken";"Aantal personen dat verhuisd is vanuit het betreffende stadsdl/wijk/brt naar elders en het aantal personen dat binnen de stadsdeel/wijk/buurt verhuisd is per duizend inwoners.";
"Bevolking";"Vestiging en vertrek";"Vertrek per 1000 inwoners";"per 1.000 inwoners";"2016";"Den Haag";"158,074657622379";"DHIC/Gemeente Den Haag/Dienst Publieke Zaken";"Aantal personen dat verhuisd is vanuit het betreffende stadsdl/wijk/brt naar elders en het aantal personen dat binnen de stadsdeel/wijk/buurt verhuisd is per duizend inwoners.";
"Bevolking";"Vestiging en vertrek";"Vertrek per 1000 inwoners";"per 1.000 inwoners";"2017";"Den Haag";"158,135598056092";"DHIC/Gemeente Den Haag/Dienst Publieke Zaken";"Aantal personen dat verhuisd is vanuit het betreffende stadsdl/wijk/brt naar elders en het aantal personen dat binnen de stadsdeel/wijk/buurt verhuisd is per duizend inwoners.";
"Bevolking";"Vestiging en vertrek";"Vertrek per 1000 inwoners";"per 1.000 inwoners";"2018";"Den Haag";"145,420673663198";"DHIC/Gemeente Den Haag/Dienst Publieke Zaken";"Aantal personen dat verhuisd is vanuit het betreffende stadsdl/wijk/brt naar elders en het aantal personen dat binnen de stadsdeel/wijk/buurt verhuisd is per duizend inwoners.";
"Bevolking";"Vestiging en vertrek";"Vertrek per 1000 inwoners";"per 1.000 inwoners";"2019";"Den Haag";"143,629415256753";"DHIC/Gemeente Den Haag/Dienst Publieke Zaken";"Aantal personen dat verhuisd is vanuit het betreffende stadsdl/wijk/brt naar elders en het aantal personen dat binnen de stadsdeel/wijk/buurt verhuisd is per duizend inwoners.";
"Bevolking";"Vestiging en vertrek";"Vertrek per 1000 inwoners";"per 1.000 inwoners";"2020";"Den Haag";"150,539504150384";"DHIC/Gemeente Den Haag/Dienst Publieke Zaken";"Aantal personen dat verhuisd is vanuit het betreffende stadsdl/wijk/brt naar elders en het aantal personen dat binnen de stadsdeel/wijk/buurt verhuisd is per duizend inwoners.";
"Bevolking";"Vestiging en vertrek";"Vertrek per 1000 inwoners";"per 1.000 inwoners";"2021";"Den Haag";"146,426470829244";"DHIC/Gemeente Den Haag/Dienst Publieke Zaken";"Aantal personen dat verhuisd is vanuit het betreffende stadsdl/wijk/brt naar elders en het aantal personen dat binnen de stadsdeel/wijk/buurt verhuisd is per duizend inwoners.";
"Bevolking";"Vestiging en vertrek";"Vertrek per 1000 inwoners";"per 1.000 inwoners";"2022";"Den Haag";"148,377208994661";"DHIC/Gemeente Den Haag/Dienst Publieke Zaken";"Aantal personen dat verhuisd is vanuit het betreffende stadsdl/wijk/brt naar elders en het aantal personen dat binnen de stadsdeel/wijk/buurt verhuisd is per duizend inwoners.";
"Bevolking";"Vestiging en vertrek";"Vertrek per 1000 inwoners";"per 1.000 inwoners";"2023";"Den Haag";"145,526191482485";"DHIC/Gemeente Den Haag/Dienst Publieke Zaken";"Aantal personen dat verhuisd is vanuit het betreffende stadsdl/wijk/brt naar elders en het aantal personen dat binnen de stadsdeel/wijk/buurt verhuisd is per duizend inwoners.";
"Bevolking";"Demografische druk";"Demografische druk";"percentage";"1993";"Den Haag";"51,1";"DHIC/Berekend";"Demografische druk:\nGeeft aan hoeveel \"niet actieven\"er zijn ten opzichte van de potentiële beroepsbevolking. Is de optelsom van de groene druk en grijze druk.\nGroene druk:\nDe verhouding tussen het aantal personen van 0-14 jaar ten opzichte van\nde personen in de zogenaamde 'productieve' leeftijdsgroep van 15-64 jaar (potentiële beroepsbevolking).\nGrijze druk:\nDe verhouding tussen het aantal personen van 65 jaar of ouder ten\nopzichte van de personen in de zogenaamde 'productieve' leeftijdsgroep\nvan 15-64 jaar (potentiële beroepsbevolking).";
"Bevolking";"Demografische druk";"Demografische druk";"percentage";"1994";"Den Haag";"51";"DHIC/Berekend";"Demografische druk:\nGeeft aan hoeveel \"niet actieven\"er zijn ten opzichte van de potentiële beroepsbevolking. Is de optelsom van de groene druk en grijze druk.\nGroene druk:\nDe verhouding tussen het aantal personen van 0-14 jaar ten opzichte van\nde personen in de zogenaamde 'productieve' leeftijdsgroep van 15-64 jaar (potentiële beroepsbevolking).\nGrijze druk:\nDe verhouding tussen het aantal personen van 65 jaar of ouder ten\nopzichte van de personen in de zogenaamde 'productieve' leeftijdsgroep\nvan 15-64 jaar (potentiële beroepsbevolking).";
"Bevolking";"Demografische druk";"Demografische druk";"percentage";"1995";"Den Haag";"51";"DHIC/Berekend";"Demografische druk:\nGeeft aan hoeveel \"niet actieven\"er zijn ten opzichte van de potentiële beroepsbevolking. Is de optelsom van de groene druk en grijze druk.\nGroene druk:\nDe verhouding tussen het aantal personen van 0-14 jaar ten opzichte van\nde personen in de zogenaamde 'productieve' leeftijdsgroep van 15-64 jaar (potentiële beroepsbevolking).\nGrijze druk:\nDe verhouding tussen het aantal personen van 65 jaar of ouder ten\nopzichte van de personen in de zogenaamde 'productieve' leeftijdsgroep\nvan 15-64 jaar (potentiële beroepsbevolking).";
"Bevolking";"Demografische druk";"Demografische druk";"percentage";"1996";"Den Haag";"50,3";"DHIC/Berekend";"Demografische druk:\nGeeft aan hoeveel \"niet actieven\"er zijn ten opzichte van de potentiële beroepsbevolking. Is de optelsom van de groene druk en grijze druk.\nGroene druk:\nDe verhouding tussen het aantal personen van 0-14 jaar ten opzichte van\nde personen in de zogenaamde 'productieve' leeftijdsgroep van 15-64 jaar (potentiële beroepsbevolking).\nGrijze druk:\nDe verhouding tussen het aantal personen van 65 jaar of ouder ten\nopzichte van de personen in de zogenaamde 'productieve' leeftijdsgroep\nvan 15-64 jaar (potentiële beroepsbevolking).";
"Bevolking";"Demografische druk";"Demografische druk";"percentage";"1997";"Den Haag";"49,7";"DHIC/Berekend";"Demografische druk:\nGeeft aan hoeveel \"niet actieven\"er zijn ten opzichte van de potentiële beroepsbevolking. Is de optelsom van de groene druk en grijze druk.\nGroene druk:\nDe verhouding tussen het aantal personen van 0-14 jaar ten opzichte van\nde personen in de zogenaamde 'productieve' leeftijdsgroep van 15-64 jaar (potentiële beroepsbevolking).\nGrijze druk:\nDe verhouding tussen het aantal personen van 65 jaar of ouder ten\nopzichte van de personen in de zogenaamde 'productieve' leeftijdsgroep\nvan 15-64 jaar (potentiële beroepsbevolking).";
"Bevolking";"Demografische druk";"Demografische druk";"percentage";"1998";"Den Haag";"49,3";"DHIC/Berekend";"Demografische druk:\nGeeft aan hoeveel \"niet actieven\"er zijn ten opzichte van de potentiële beroepsbevolking. Is de optelsom van de groene druk en grijze druk.\nGroene druk:\nDe verhouding tussen het aantal personen van 0-14 jaar ten opzichte van\nde personen in de zogenaamde 'productieve' leeftijdsgroep van 15-64 jaar (potentiële beroepsbevolking).\nGrijze druk:\nDe verhouding tussen het aantal personen van 65 jaar of ouder ten\nopzichte van de personen in de zogenaamde 'productieve' leeftijdsgroep\nvan 15-64 jaar (potentiële beroepsbevolking).";
"Bevolking";"Demografische druk";"Demografische druk";"percentage";"1999";"Den Haag";"49";"DHIC/Berekend";"Demografische druk:\nGeeft aan hoeveel \"niet actieven\"er zijn ten opzichte van de potentiële beroepsbevolking. Is de optelsom van de groene druk en grijze druk.\nGroene druk:\nDe verhouding tussen het aantal personen van 0-14 jaar ten opzichte van\nde personen in de zogenaamde 'productieve' leeftijdsgroep van 15-64 jaar (potentiële beroepsbevolking).\nGrijze druk:\nDe verhouding tussen het aantal personen van 65 jaar of ouder ten\nopzichte van de personen in de zogenaamde 'productieve' leeftijdsgroep\nvan 15-64 jaar (potentiële beroepsbevolking).";
"Bevolking";"Demografische druk";"Demografische druk";"percentage";"2000";"Den Haag";"48,4";"DHIC/Berekend";"Demografische druk:\nGeeft aan hoeveel \"niet actieven\"er zijn ten opzichte van de potentiële beroepsbevolking. Is de optelsom van de groene druk en grijze druk.\nGroene druk:\nDe verhouding tussen het aantal personen van 0-14 jaar ten opzichte van\nde personen in de zogenaamde 'productieve' leeftijdsgroep van 15-64 jaar (potentiële beroepsbevolking).\nGrijze druk:\nDe verhouding tussen het aantal personen van 65 jaar of ouder ten\nopzichte van de personen in de zogenaamde 'productieve' leeftijdsgroep\nvan 15-64 jaar (potentiële beroepsbevolking).";
"Bevolking";"Demografische druk";"Demografische druk";"percentage";"2001";"Den Haag";"47,7";"DHIC/Berekend";"Demografische druk:\nGeeft aan hoeveel \"niet actieven\"er zijn ten opzichte van de potentiële beroepsbevolking. Is de optelsom van de groene druk en grijze druk.\nGroene druk:\nDe verhouding tussen het aantal personen van 0-14 jaar ten opzichte van\nde personen in de zogenaamde 'productieve' leeftijdsgroep van 15-64 jaar (potentiële beroepsbevolking).\nGrijze druk:\nDe verhouding tussen het aantal personen van 65 jaar of ouder ten\nopzichte van de personen in de zogenaamde 'productieve' leeftijdsgroep\nvan 15-64 jaar (potentiële beroepsbevolking).";
"Bevolking";"Demografische druk";"Demografische druk";"percentage";"2002";"Den Haag";"47";"DHIC/Berekend";"Demografische druk:\nGeeft aan hoeveel \"niet actieven\"er zijn ten opzichte van de potentiële beroepsbevolking. Is de optelsom van de groene druk en grijze druk.\nGroene druk:\nDe verhouding tussen het aantal personen van 0-14 jaar ten opzichte van\nde personen in de zogenaamde 'productieve' leeftijdsgroep van 15-64 jaar (potentiële beroepsbevolking).\nGrijze druk:\nDe verhouding tussen het aantal personen van 65 jaar of ouder ten\nopzichte van de personen in de zogenaamde 'productieve' leeftijdsgroep\nvan 15-64 jaar (potentiële beroepsbevolking).";
"Bevolking";"Demografische druk";"Demografische druk";"percentage";"2003";"Den Haag";"46,5";"DHIC/Berekend";"Demografische druk:\nGeeft aan hoeveel \"niet actieven\"er zijn ten opzichte van de potentiële beroepsbevolking. Is de optelsom van de groene druk en grijze druk.\nGroene druk:\nDe verhouding tussen het aantal personen van 0-14 jaar ten opzichte van\nde personen in de zogenaamde 'productieve' leeftijdsgroep van 15-64 jaar (potentiële beroepsbevolking).\nGrijze druk:\nDe verhouding tussen het aantal personen van 65 jaar of ouder ten\nopzichte van de personen in de zogenaamde 'productieve' leeftijdsgroep\nvan 15-64 jaar (potentiële beroepsbevolking).";
"Bevolking";"Demografische druk";"Demografische druk";"percentage";"2004";"Den Haag";"45,7";"DHIC/Berekend";"Demografische druk:\nGeeft aan hoeveel \"niet actieven\"er zijn ten opzichte van de potentiële beroepsbevolking. Is de optelsom van de groene druk en grijze druk.\nGroene druk:\nDe verhouding tussen het aantal personen van 0-14 jaar ten opzichte van\nde personen in de zogenaamde 'productieve' leeftijdsgroep van 15-64 jaar (potentiële beroepsbevolking).\nGrijze druk:\nDe verhouding tussen het aantal personen van 65 jaar of ouder ten\nopzichte van de personen in de zogenaamde 'productieve' leeftijdsgroep\nvan 15-64 jaar (potentiële beroepsbevolking).";
"Bevolking";"Demografische druk";"Demografische druk";"percentage";"2005";"Den Haag";"45,3";"DHIC/Berekend";"Demografische druk:\nGeeft aan hoeveel \"niet actieven\"er zijn ten opzichte van de potentiële beroepsbevolking. Is de optelsom van de groene druk en grijze druk.\nGroene druk:\nDe verhouding tussen het aantal personen van 0-14 jaar ten opzichte van\nde personen in de zogenaamde 'productieve' leeftijdsgroep van 15-64 jaar (potentiële beroepsbevolking).\nGrijze druk:\nDe verhouding tussen het aantal personen van 65 jaar of ouder ten\nopzichte van de personen in de zogenaamde 'productieve' leeftijdsgroep\nvan 15-64 jaar (potentiële beroepsbevolking).";
"Bevolking";"Demografische druk";"Demografische druk";"percentage";"2006";"Den Haag";"44,9";"DHIC/Berekend";"Demografische druk:\nGeeft aan hoeveel \"niet actieven\"er zijn ten opzichte van de potentiële beroepsbevolking. Is de optelsom van de groene druk en grijze druk.\nGroene druk:\nDe verhouding tussen het aantal personen van 0-14 jaar ten opzichte van\nde personen in de zogenaamde 'productieve' leeftijdsgroep van 15-64 jaar (potentiële beroepsbevolking).\nGrijze druk:\nDe verhouding tussen het aantal personen van 65 jaar of ouder ten\nopzichte van de personen in de zogenaamde 'productieve' leeftijdsgroep\nvan 15-64 jaar (potentiële beroepsbevolking).";
"Bevolking";"Demografische druk";"Demografische druk";"percentage";"2007";"Den Haag";"44,9";"DHIC/Berekend";"Demografische druk:\nGeeft aan hoeveel \"niet actieven\"er zijn ten opzichte van de potentiële beroepsbevolking. Is de optelsom van de groene druk en grijze druk.\nGroene druk:\nDe verhouding tussen het aantal personen van 0-14 jaar ten opzichte van\nde personen in de zogenaamde 'productieve' leeftijdsgroep van 15-64 jaar (potentiële beroepsbevolking).\nGrijze druk:\nDe verhouding tussen het aantal personen van 65 jaar of ouder ten\nopzichte van de personen in de zogenaamde 'productieve' leeftijdsgroep\nvan 15-64 jaar (potentiële beroepsbevolking).";
"Bevolking";"Demografische druk";"Demografische druk";"percentage";"2008";"Den Haag";"44,6";"DHIC/Berekend";"Demografische druk:\nGeeft aan hoeveel \"niet actieven\"er zijn ten opzichte van de potentiële beroepsbevolking. Is de optelsom van de groene druk en grijze druk.\nGroene druk:\nDe verhouding tussen het aantal personen van 0-14 jaar ten opzichte van\nde personen in de zogenaamde 'productieve' leeftijdsgroep van 15-64 jaar (potentiële beroepsbevolking).\nGrijze druk:\nDe verhouding tussen het aantal personen van 65 jaar of ouder ten\nopzichte van de personen in de zogenaamde 'productieve' leeftijdsgroep\nvan 15-64 jaar (potentiële beroepsbevolking).";
"Bevolking";"Demografische druk";"Demografische druk";"percentage";"2009";"Den Haag";"44";"DHIC/Berekend";"Demografische druk:\nGeeft aan hoeveel \"niet actieven\"er zijn ten opzichte van de potentiële beroepsbevolking. Is de optelsom van de groene druk en grijze druk.\nGroene druk:\nDe verhouding tussen het aantal personen van 0-14 jaar ten opzichte van\nde personen in de zogenaamde 'productieve' leeftijdsgroep van 15-64 jaar (potentiële beroepsbevolking).\nGrijze druk:\nDe verhouding tussen het aantal personen van 65 jaar of ouder ten\nopzichte van de personen in de zogenaamde 'productieve' leeftijdsgroep\nvan 15-64 jaar (potentiële beroepsbevolking).";
"Bevolking";"Demografische druk";"Demografische druk";"percentage";"2010";"Den Haag";"43,9";"DHIC/Berekend";"Demografische druk:\nGeeft aan hoeveel \"niet actieven\"er zijn ten opzichte van de potentiële beroepsbevolking. Is de optelsom van de groene druk en grijze druk.\nGroene druk:\nDe verhouding tussen het aantal personen van 0-14 jaar ten opzichte van\nde personen in de zogenaamde 'productieve' leeftijdsgroep van 15-64 jaar (potentiële beroepsbevolking).\nGrijze druk:\nDe verhouding tussen het aantal personen van 65 jaar of ouder ten\nopzichte van de personen in de zogenaamde 'productieve' leeftijdsgroep\nvan 15-64 jaar (potentiële beroepsbevolking).";
"Bevolking";"Demografische druk";"Demografische druk";"percentage";"2011";"Den Haag";"43,8";"DHIC/Berekend";"Demografische druk:\nGeeft aan hoeveel \"niet actieven\"er zijn ten opzichte van de potentiële beroepsbevolking. Is de optelsom van de groene druk en grijze druk.\nGroene druk:\nDe verhouding tussen het aantal personen van 0-14 jaar ten opzichte van\nde personen in de zogenaamde 'productieve' leeftijdsgroep van 15-64 jaar (potentiële beroepsbevolking).\nGrijze druk:\nDe verhouding tussen het aantal personen van 65 jaar of ouder ten\nopzichte van de personen in de zogenaamde 'productieve' leeftijdsgroep\nvan 15-64 jaar (potentiële beroepsbevolking).";
"Bevolking";"Demografische druk";"Demografische druk";"percentage";"2012";"Den Haag";"44,7";"DHIC/Berekend";"Demografische druk:\nGeeft aan hoeveel \"niet actieven\"er zijn ten opzichte van de potentiële beroepsbevolking. Is de optelsom van de groene druk en grijze druk.\nGroene druk:\nDe verhouding tussen het aantal personen van 0-14 jaar ten opzichte van\nde personen in de zogenaamde 'productieve' leeftijdsgroep van 15-64 jaar (potentiële beroepsbevolking).\nGrijze druk:\nDe verhouding tussen het aantal personen van 65 jaar of ouder ten\nopzichte van de personen in de zogenaamde 'productieve' leeftijdsgroep\nvan 15-64 jaar (potentiële beroepsbevolking).";
"Bevolking";"Demografische druk";"Demografische druk";"percentage";"2013";"Den Haag";"45,3";"DHIC/Berekend";"Demografische druk:\nGeeft aan hoeveel \"niet actieven\"er zijn ten opzichte van de potentiële beroepsbevolking. Is de optelsom van de groene druk en grijze druk.\nGroene druk:\nDe verhouding tussen het aantal personen van 0-14 jaar ten opzichte van\nde personen in de zogenaamde 'productieve' leeftijdsgroep van 15-64 jaar (potentiële beroepsbevolking).\nGrijze druk:\nDe verhouding tussen het aantal personen van 65 jaar of ouder ten\nopzichte van de personen in de zogenaamde 'productieve' leeftijdsgroep\nvan 15-64 jaar (potentiële beroepsbevolking).";
"Bevolking";"Demografische druk";"Demografische druk";"percentage";"2014";"Den Haag";"45,9";"DHIC/Berekend";"Demografische druk:\nGeeft aan hoeveel \"niet actieven\"er zijn ten opzichte van de potentiële beroepsbevolking. Is de optelsom van de groene druk en grijze druk.\nGroene druk:\nDe verhouding tussen het aantal personen van 0-14 jaar ten opzichte van\nde personen in de zogenaamde 'productieve' leeftijdsgroep van 15-64 jaar (potentiële beroepsbevolking).\nGrijze druk:\nDe verhouding tussen het aantal personen van 65 jaar of ouder ten\nopzichte van de personen in de zogenaamde 'productieve' leeftijdsgroep\nvan 15-64 jaar (potentiële beroepsbevolking).";
"Bevolking";"Demografische druk";"Demografische druk";"percentage";"2015";"Den Haag";"46,1";"DHIC/Berekend";"Demografische druk:\nGeeft aan hoeveel \"niet actieven\"er zijn ten opzichte van de potentiële beroepsbevolking. Is de optelsom van de groene druk en grijze druk.\nGroene druk:\nDe verhouding tussen het aantal personen van 0-14 jaar ten opzichte van\nde personen in de zogenaamde 'productieve' leeftijdsgroep van 15-64 jaar (potentiële beroepsbevolking).\nGrijze druk:\nDe verhouding tussen het aantal personen van 65 jaar of ouder ten\nopzichte van de personen in de zogenaamde 'productieve' leeftijdsgroep\nvan 15-64 jaar (potentiële beroepsbevolking).";
"Bevolking";"Demografische druk";"Demografische druk";"percentage";"2016";"Den Haag";"46,3";"DHIC/Berekend";"Demografische druk:\nGeeft aan hoeveel \"niet actieven\"er zijn ten opzichte van de potentiële beroepsbevolking. Is de optelsom van de groene druk en grijze druk.\nGroene druk:\nDe verhouding tussen het aantal personen van 0-14 jaar ten opzichte van\nde personen in de zogenaamde 'productieve' leeftijdsgroep van 15-64 jaar (potentiële beroepsbevolking).\nGrijze druk:\nDe verhouding tussen het aantal personen van 65 jaar of ouder ten\nopzichte van de personen in de zogenaamde 'productieve' leeftijdsgroep\nvan 15-64 jaar (potentiële beroepsbevolking).";
"Bevolking";"Demografische druk";"Demografische druk";"percentage";"2017";"Den Haag";"46,5";"DHIC/Berekend";"Demografische druk:\nGeeft aan hoeveel \"niet actieven\"er zijn ten opzichte van de potentiële beroepsbevolking. Is de optelsom van de groene druk en grijze druk.\nGroene druk:\nDe verhouding tussen het aantal personen van 0-14 jaar ten opzichte van\nde personen in de zogenaamde 'productieve' leeftijdsgroep van 15-64 jaar (potentiële beroepsbevolking).\nGrijze druk:\nDe verhouding tussen het aantal personen van 65 jaar of ouder ten\nopzichte van de personen in de zogenaamde 'productieve' leeftijdsgroep\nvan 15-64 jaar (potentiële beroepsbevolking).";
"Bevolking";"Demografische druk";"Demografische druk";"percentage";"2018";"Den Haag";"46,4";"DHIC/Berekend";"Demografische druk:\nGeeft aan hoeveel \"niet actieven\"er zijn ten opzichte van de potentiële beroepsbevolking. Is de optelsom van de groene druk en grijze druk.\nGroene druk:\nDe verhouding tussen het aantal personen van 0-14 jaar ten opzichte van\nde personen in de zogenaamde 'productieve' leeftijdsgroep van 15-64 jaar (potentiële beroepsbevolking).\nGrijze druk:\nDe verhouding tussen het aantal personen van 65 jaar of ouder ten\nopzichte van de personen in de zogenaamde 'productieve' leeftijdsgroep\nvan 15-64 jaar (potentiële beroepsbevolking).";
"Bevolking";"Demografische druk";"Demografische druk";"percentage";"2019";"Den Haag";"46,3";"DHIC/Berekend";"Demografische druk:\nGeeft aan hoeveel \"niet actieven\"er zijn ten opzichte van de potentiële beroepsbevolking. Is de optelsom van de groene druk en grijze druk.\nGroene druk:\nDe verhouding tussen het aantal personen van 0-14 jaar ten opzichte van\nde personen in de zogenaamde 'productieve' leeftijdsgroep van 15-64 jaar (potentiële beroepsbevolking).\nGrijze druk:\nDe verhouding tussen het aantal personen van 65 jaar of ouder ten\nopzichte van de personen in de zogenaamde 'productieve' leeftijdsgroep\nvan 15-64 jaar (potentiële beroepsbevolking).";
"Bevolking";"Demografische druk";"Demografische druk";"percentage";"2020";"Den Haag";"46,1";"DHIC/Berekend";"Demografische druk:\nGeeft aan hoeveel \"niet actieven\"er zijn ten opzichte van de potentiële beroepsbevolking. Is de optelsom van de groene druk en grijze druk.\nGroene druk:\nDe verhouding tussen het aantal personen van 0-14 jaar ten opzichte van\nde personen in de zogenaamde 'productieve' leeftijdsgroep van 15-64 jaar (potentiële beroepsbevolking).\nGrijze druk:\nDe verhouding tussen het aantal personen van 65 jaar of ouder ten\nopzichte van de personen in de zogenaamde 'productieve' leeftijdsgroep\nvan 15-64 jaar (potentiële beroepsbevolking).";
"Bevolking";"Demografische druk";"Demografische druk";"percentage";"2021";"Den Haag";"45,9";"DHIC/Berekend";"Demografische druk:\nGeeft aan hoeveel \"niet actieven\"er zijn ten opzichte van de potentiële beroepsbevolking. Is de optelsom van de groene druk en grijze druk.\nGroene druk:\nDe verhouding tussen het aantal personen van 0-14 jaar ten opzichte van\nde personen in de zogenaamde 'productieve' leeftijdsgroep van 15-64 jaar (potentiële beroepsbevolking).\nGrijze druk:\nDe verhouding tussen het aantal personen van 65 jaar of ouder ten\nopzichte van de personen in de zogenaamde 'productieve' leeftijdsgroep\nvan 15-64 jaar (potentiële beroepsbevolking).";
"Bevolking";"Demografische druk";"Demografische druk";"percentage";"2022";"Den Haag";"45,6";"DHIC/Berekend";"Demografische druk:\nGeeft aan hoeveel \"niet actieven\"er zijn ten opzichte van de potentiële beroepsbevolking. Is de optelsom van de groene druk en grijze druk.\nGroene druk:\nDe verhouding tussen het aantal personen van 0-14 jaar ten opzichte van\nde personen in de zogenaamde 'productieve' leeftijdsgroep van 15-64 jaar (potentiële beroepsbevolking).\nGrijze druk:\nDe verhouding tussen het aantal personen van 65 jaar of ouder ten\nopzichte van de personen in de zogenaamde 'productieve' leeftijdsgroep\nvan 15-64 jaar (potentiële beroepsbevolking).";
"Bevolking";"Demografische druk";"Demografische druk";"percentage";"2023";"Den Haag";"45";"DHIC/Berekend";"Demografische druk:\nGeeft aan hoeveel \"niet actieven\"er zijn ten opzichte van de potentiële beroepsbevolking. Is de optelsom van de groene druk en grijze druk.\nGroene druk:\nDe verhouding tussen het aantal personen van 0-14 jaar ten opzichte van\nde personen in de zogenaamde 'productieve' leeftijdsgroep van 15-64 jaar (potentiële beroepsbevolking).\nGrijze druk:\nDe verhouding tussen het aantal personen van 65 jaar of ouder ten\nopzichte van de personen in de zogenaamde 'productieve' leeftijdsgroep\nvan 15-64 jaar (potentiële beroepsbevolking).";
"Bevolking";"Demografische druk";"Demografische druk";"percentage";"2024";"Den Haag";"44,7";"DHIC/Berekend";"Demografische druk:\nGeeft aan hoeveel \"niet actieven\"er zijn ten opzichte van de potentiële beroepsbevolking. Is de optelsom van de groene druk en grijze druk.\nGroene druk:\nDe verhouding tussen het aantal personen van 0-14 jaar ten opzichte van\nde personen in de zogenaamde 'productieve' leeftijdsgroep van 15-64 jaar (potentiële beroepsbevolking).\nGrijze druk:\nDe verhouding tussen het aantal personen van 65 jaar of ouder ten\nopzichte van de personen in de zogenaamde 'productieve' leeftijdsgroep\nvan 15-64 jaar (potentiële beroepsbevolking).";
"Bevolking";"Verwachte ontwikkeling inwoners";"Aantal personen prognose WBP";"aantal";"2024";"Den Haag";"566731";"DHIC/Gemeente Den Haag/Dienst Stedelijke Ontwikkeling/SEPO";"";
"Bevolking";"Verwachte ontwikkeling inwoners";"Aantal personen prognose WBP";"aantal";"2025";"Den Haag";"569325";"DHIC/Gemeente Den Haag/Dienst Stedelijke Ontwikkeling/SEPO";"";
"Bevolking";"Verwachte ontwikkeling inwoners";"Aantal personen prognose WBP";"aantal";"2026";"Den Haag";"572936";"DHIC/Gemeente Den Haag/Dienst Stedelijke Ontwikkeling/SEPO";"";
"Bevolking";"Verwachte ontwikkeling inwoners";"Aantal personen prognose WBP";"aantal";"2027";"Den Haag";"578314";"DHIC/Gemeente Den Haag/Dienst Stedelijke Ontwikkeling/SEPO";"";
"Bevolking";"Verwachte ontwikkeling inwoners";"Aantal personen prognose WBP";"aantal";"2028";"Den Haag";"583003";"DHIC/Gemeente Den Haag/Dienst Stedelijke Ontwikkeling/SEPO";"";
"Bevolking";"Verwachte ontwikkeling inwoners";"Aantal personen prognose WBP";"aantal";"2029";"Den Haag";"588127";"DHIC/Gemeente Den Haag/Dienst Stedelijke Ontwikkeling/SEPO";"";
"Bevolking";"Verwachte ontwikkeling inwoners";"Aantal personen prognose WBP";"aantal";"2030";"Den Haag";"596635";"DHIC/Gemeente Den Haag/Dienst Stedelijke Ontwikkeling/SEPO";"";
"Bevolking";"Verwachte ontwikkeling inwoners";"Aantal personen prognose WBP";"aantal";"2031";"Den Haag";"604002";"DHIC/Gemeente Den Haag/Dienst Stedelijke Ontwikkeling/SEPO";"";
"Bevolking";"Verwachte ontwikkeling inwoners";"Aantal personen prognose WBP";"aantal";"2032";"Den Haag";"610581";"DHIC/Gemeente Den Haag/Dienst Stedelijke Ontwikkeling/SEPO";"";
"Bevolking";"Verwachte ontwikkeling inwoners";"Aantal personen prognose WBP";"aantal";"2033";"Den Haag";"614713";"DHIC/Gemeente Den Haag/Dienst Stedelijke Ontwikkeling/SEPO";"";
"Bevolking";"Inwoners naar leeftijd";"% 0 t/m 19 jaar";"percentage";"2024";"Den Haag";"21,5";"DHIC/Gemeente Den Haag/Dienst Publieke Zaken";"";
"Bevolking";"Inwoners naar leeftijd";"% 0 t/m 19 jaar";"percentage";"2019";"Den Haag";"22,9";"DHIC/Gemeente Den Haag/Dienst Publieke Zaken";"";
"Bevolking";"Inwoners naar leeftijd";"% 20 t/m 64 jaar";"percentage";"2024";"Den Haag";"63,3";"DHIC/Gemeente Den Haag/Dienst Publieke Zaken";"";
"Bevolking";"Inwoners naar leeftijd";"% 20 t/m 64 jaar";"percentage";"2019";"Den Haag";"62,6";"DHIC/Gemeente Den Haag/Dienst Publieke Zaken";"";
"Bevolking";"Inwoners naar leeftijd";"% 65 jaar en ouder";"percentage";"2024";"Den Haag";"15,2";"DHIC/Gemeente Den Haag/Dienst Publieke Zaken";"";
"Bevolking";"Inwoners naar leeftijd";"% 65 jaar en ouder";"percentage";"2019";"Den Haag";"14,5";"DHIC/Gemeente Den Haag/Dienst Publieke Zaken";"";
"Bevolking";"Bevolkingsmutatie";"Natuurlijk verloop";"personen";"1995";"Den Haag";"";"DHIC/Gemeente Den Haag/Dienst Publieke Zaken";"Aantal geborenen minus het aantal overledenen in een jaar.";
"Bevolking";"Bevolkingsmutatie";"Natuurlijk verloop";"personen";"1996";"Den Haag";"9";"DHIC/Gemeente Den Haag/Dienst Publieke Zaken";"Aantal geborenen minus het aantal overledenen in een jaar.";
"Bevolking";"Bevolkingsmutatie";"Natuurlijk verloop";"personen";"1997";"Den Haag";"200";"DHIC/Gemeente Den Haag/Dienst Publieke Zaken";"Aantal geborenen minus het aantal overledenen in een jaar.";
"Bevolking";"Bevolkingsmutatie";"Natuurlijk verloop";"personen";"1998";"Den Haag";"566";"DHIC/Gemeente Den Haag/Dienst Publieke Zaken";"Aantal geborenen minus het aantal overledenen in een jaar.";
"Bevolking";"Bevolkingsmutatie";"Natuurlijk verloop";"personen";"1999";"Den Haag";"402";"DHIC/Gemeente Den Haag/Dienst Publieke Zaken";"Aantal geborenen minus het aantal overledenen in een jaar.";
"Bevolking";"Bevolkingsmutatie";"Natuurlijk verloop";"personen";"2000";"Den Haag";"832";"DHIC/Gemeente Den Haag/Dienst Publieke Zaken";"Aantal geborenen minus het aantal overledenen in een jaar.";
"Bevolking";"Bevolkingsmutatie";"Natuurlijk verloop";"personen";"2001";"Den Haag";"772";"DHIC/Gemeente Den Haag/Dienst Publieke Zaken";"Aantal geborenen minus het aantal overledenen in een jaar.";
"Bevolking";"Bevolkingsmutatie";"Natuurlijk verloop";"personen";"2002";"Den Haag";"1306";"DHIC/Gemeente Den Haag/Dienst Publieke Zaken";"Aantal geborenen minus het aantal overledenen in een jaar.";
"Bevolking";"Bevolkingsmutatie";"Natuurlijk verloop";"personen";"2003";"Den Haag";"1599";"DHIC/Gemeente Den Haag/Dienst Publieke Zaken";"Aantal geborenen minus het aantal overledenen in een jaar.";
"Bevolking";"Bevolkingsmutatie";"Natuurlijk verloop";"personen";"2004";"Den Haag";"1949";"DHIC/Gemeente Den Haag/Dienst Publieke Zaken";"Aantal geborenen minus het aantal overledenen in een jaar.";
"Bevolking";"Bevolkingsmutatie";"Natuurlijk verloop";"personen";"2005";"Den Haag";"2093";"DHIC/Gemeente Den Haag/Dienst Publieke Zaken";"Aantal geborenen minus het aantal overledenen in een jaar.";
"Bevolking";"Bevolkingsmutatie";"Natuurlijk verloop";"personen";"2006";"Den Haag";"2392";"DHIC/Gemeente Den Haag/Dienst Publieke Zaken";"Aantal geborenen minus het aantal overledenen in een jaar.";
"Bevolking";"Bevolkingsmutatie";"Natuurlijk verloop";"personen";"2007";"Den Haag";"2170";"DHIC/Gemeente Den Haag/Dienst Publieke Zaken";"Aantal geborenen minus het aantal overledenen in een jaar.";
"Bevolking";"Bevolkingsmutatie";"Natuurlijk verloop";"personen";"2008";"Den Haag";"2180";"DHIC/Gemeente Den Haag/Dienst Publieke Zaken";"Aantal geborenen minus het aantal overledenen in een jaar.";
"Bevolking";"Bevolkingsmutatie";"Natuurlijk verloop";"personen";"2009";"Den Haag";"2736";"DHIC/Gemeente Den Haag/Dienst Publieke Zaken";"Aantal geborenen minus het aantal overledenen in een jaar.";
"Bevolking";"Bevolkingsmutatie";"Natuurlijk verloop";"personen";"2010";"Den Haag";"2636";"DHIC/Gemeente Den Haag/Dienst Publieke Zaken";"Aantal geborenen minus het aantal overledenen in een jaar.";
"Bevolking";"Bevolkingsmutatie";"Natuurlijk verloop";"personen";"2011";"Den Haag";"2898";"DHIC/Gemeente Den Haag/Dienst Publieke Zaken";"Aantal geborenen minus het aantal overledenen in een jaar.";
"Bevolking";"Bevolkingsmutatie";"Natuurlijk verloop";"personen";"2012";"Den Haag";"2704";"DHIC/Gemeente Den Haag/Dienst Publieke Zaken";"Aantal geborenen minus het aantal overledenen in een jaar.";
"Bevolking";"Bevolkingsmutatie";"Natuurlijk verloop";"personen";"2013";"Den Haag";"2537";"DHIC/Gemeente Den Haag/Dienst Publieke Zaken";"Aantal geborenen minus het aantal overledenen in een jaar.";
"Bevolking";"Bevolkingsmutatie";"Natuurlijk verloop";"personen";"2014";"Den Haag";"2719";"DHIC/Gemeente Den Haag/Dienst Publieke Zaken";"Aantal geborenen minus het aantal overledenen in een jaar.";
"Bevolking";"Bevolkingsmutatie";"Natuurlijk verloop";"personen";"2015";"Den Haag";"2380";"DHIC/Gemeente Den Haag/Dienst Publieke Zaken";"Aantal geborenen minus het aantal overledenen in een jaar.";
"Bevolking";"Bevolkingsmutatie";"Natuurlijk verloop";"personen";"2016";"Den Haag";"2408";"DHIC/Gemeente Den Haag/Dienst Publieke Zaken";"Aantal geborenen minus het aantal overledenen in een jaar.";
"Bevolking";"Bevolkingsmutatie";"Natuurlijk verloop";"personen";"2017";"Den Haag";"2312";"DHIC/Gemeente Den Haag/Dienst Publieke Zaken";"Aantal geborenen minus het aantal overledenen in een jaar.";
"Bevolking";"Bevolkingsmutatie";"Natuurlijk verloop";"personen";"2018";"Den Haag";"2053";"DHIC/Gemeente Den Haag/Dienst Publieke Zaken";"Aantal geborenen minus het aantal overledenen in een jaar.";
"Bevolking";"Bevolkingsmutatie";"Natuurlijk verloop";"personen";"2019";"Den Haag";"2251";"DHIC/Gemeente Den Haag/Dienst Publieke Zaken";"Aantal geborenen minus het aantal overledenen in een jaar.";
"Bevolking";"Bevolkingsmutatie";"Natuurlijk verloop";"personen";"2020";"Den Haag";"1495";"DHIC/Gemeente Den Haag/Dienst Publieke Zaken";"Aantal geborenen minus het aantal overledenen in een jaar.";
"Bevolking";"Bevolkingsmutatie";"Natuurlijk verloop";"personen";"2021";"Den Haag";"1487";"DHIC/Gemeente Den Haag/Dienst Publieke Zaken";"Aantal geborenen minus het aantal overledenen in een jaar.";
"Bevolking";"Bevolkingsmutatie";"Natuurlijk verloop";"personen";"2022";"Den Haag";"1010";"DHIC/Gemeente Den Haag/Dienst Publieke Zaken";"Aantal geborenen minus het aantal overledenen in een jaar.";
"Bevolking";"Bevolkingsmutatie";"Natuurlijk verloop";"personen";"2023";"Den Haag";"1155";"DHIC/Gemeente Den Haag/Dienst Publieke Zaken";"Aantal geborenen minus het aantal overledenen in een jaar.";
"Bevolking";"Bevolkingsmutatie";"Migratiesaldo";"personen";"1995";"Den Haag";"126";"DHIC/Gemeente Den Haag/Dienst Publieke Zaken";"Vestiging totaal minus vertrek totaal.";
"Bevolking";"Bevolkingsmutatie";"Migratiesaldo";"personen";"1996";"Den Haag";"-828";"DHIC/Gemeente Den Haag/Dienst Publieke Zaken";"Vestiging totaal minus vertrek totaal.";
"Bevolking";"Bevolkingsmutatie";"Migratiesaldo";"personen";"1997";"Den Haag";"-176";"DHIC/Gemeente Den Haag/Dienst Publieke Zaken";"Vestiging totaal minus vertrek totaal.";
"Bevolking";"Bevolkingsmutatie";"Migratiesaldo";"personen";"1998";"Den Haag";"-2729";"DHIC/Gemeente Den Haag/Dienst Publieke Zaken";"Vestiging totaal minus vertrek totaal.";
"Bevolking";"Bevolkingsmutatie";"Migratiesaldo";"personen";"1999";"Den Haag";"-103";"DHIC/Gemeente Den Haag/Dienst Publieke Zaken";"Vestiging totaal minus vertrek totaal.";
"Bevolking";"Bevolkingsmutatie";"Migratiesaldo";"personen";"2000";"Den Haag";"351";"DHIC/Gemeente Den Haag/Dienst Publieke Zaken";"Vestiging totaal minus vertrek totaal.";
"Bevolking";"Bevolkingsmutatie";"Migratiesaldo";"personen";"2001";"Den Haag";"-1396";"DHIC/Gemeente Den Haag/Dienst Publieke Zaken";"Vestiging totaal minus vertrek totaal.";
"Bevolking";"Bevolkingsmutatie";"Migratiesaldo";"personen";"2002";"Den Haag";"5255";"DHIC/Gemeente Den Haag/Dienst Publieke Zaken";"Vestiging totaal minus vertrek totaal.";
"Bevolking";"Bevolkingsmutatie";"Migratiesaldo";"personen";"2003";"Den Haag";"3630";"DHIC/Gemeente Den Haag/Dienst Publieke Zaken";"Vestiging totaal minus vertrek totaal.";
"Bevolking";"Bevolkingsmutatie";"Migratiesaldo";"personen";"2004";"Den Haag";"1180";"DHIC/Gemeente Den Haag/Dienst Publieke Zaken";"Vestiging totaal minus vertrek totaal.";
"Bevolking";"Bevolkingsmutatie";"Migratiesaldo";"personen";"2005";"Den Haag";"1905";"DHIC/Gemeente Den Haag/Dienst Publieke Zaken";"Vestiging totaal minus vertrek totaal.";
"Bevolking";"Bevolkingsmutatie";"Migratiesaldo";"personen";"2006";"Den Haag";"-4453";"DHIC/Gemeente Den Haag/Dienst Publieke Zaken";"Vestiging totaal minus vertrek totaal.";
"Bevolking";"Bevolkingsmutatie";"Migratiesaldo";"personen";"2007";"Den Haag";"-95";"DHIC/Gemeente Den Haag/Dienst Publieke Zaken";"Vestiging totaal minus vertrek totaal.";
"Bevolking";"Bevolkingsmutatie";"Migratiesaldo";"personen";"2008";"Den Haag";"4742";"DHIC/Gemeente Den Haag/Dienst Publieke Zaken";"Vestiging totaal minus vertrek totaal.";
"Bevolking";"Bevolkingsmutatie";"Migratiesaldo";"personen";"2009";"Den Haag";"4286";"DHIC/Gemeente Den Haag/Dienst Publieke Zaken";"Vestiging totaal minus vertrek totaal.";
"Bevolking";"Bevolkingsmutatie";"Migratiesaldo";"personen";"2010";"Den Haag";"4532";"DHIC/Gemeente Den Haag/Dienst Publieke Zaken";"Vestiging totaal minus vertrek totaal.";
"Bevolking";"Bevolkingsmutatie";"Migratiesaldo";"personen";"2011";"Den Haag";"3968";"DHIC/Gemeente Den Haag/Dienst Publieke Zaken";"Vestiging totaal minus vertrek totaal.";
"Bevolking";"Bevolkingsmutatie";"Migratiesaldo";"personen";"2012";"Den Haag";"432";"DHIC/Gemeente Den Haag/Dienst Publieke Zaken";"Vestiging totaal minus vertrek totaal.";
"Bevolking";"Bevolkingsmutatie";"Migratiesaldo";"personen";"2013";"Den Haag";"-140";"DHIC/Gemeente Den Haag/Dienst Publieke Zaken";"Vestiging totaal minus vertrek totaal.";
"Bevolking";"Bevolkingsmutatie";"Migratiesaldo";"personen";"2014";"Den Haag";"3620";"DHIC/Gemeente Den Haag/Dienst Publieke Zaken";"Vestiging totaal minus vertrek totaal.";
"Bevolking";"Bevolkingsmutatie";"Migratiesaldo";"personen";"2015";"Den Haag";"3117";"DHIC/Gemeente Den Haag/Dienst Publieke Zaken";"Vestiging totaal minus vertrek totaal.";
"Bevolking";"Bevolkingsmutatie";"Migratiesaldo";"personen";"2016";"Den Haag";"2711";"DHIC/Gemeente Den Haag/Dienst Publieke Zaken";"Vestiging totaal minus vertrek totaal.";
"Bevolking";"Bevolkingsmutatie";"Migratiesaldo";"personen";"2017";"Den Haag";"5550";"DHIC/Gemeente Den Haag/Dienst Publieke Zaken";"Vestiging totaal minus vertrek totaal.";
"Bevolking";"Bevolkingsmutatie";"Migratiesaldo";"personen";"2018";"Den Haag";"4303";"DHIC/Gemeente Den Haag/Dienst Publieke Zaken";"Vestiging totaal minus vertrek totaal.";
"Bevolking";"Bevolkingsmutatie";"Migratiesaldo";"personen";"2019";"Den Haag";"6239";"DHIC/Gemeente Den Haag/Dienst Publieke Zaken";"Vestiging totaal minus vertrek totaal.";
"Bevolking";"Bevolkingsmutatie";"Migratiesaldo";"personen";"2020";"Den Haag";"2209";"DHIC/Gemeente Den Haag/Dienst Publieke Zaken";"Vestiging totaal minus vertrek totaal.";
"Bevolking";"Bevolkingsmutatie";"Migratiesaldo";"personen";"2021";"Den Haag";"4985";"DHIC/Gemeente Den Haag/Dienst Publieke Zaken";"Vestiging totaal minus vertrek totaal.";
"Bevolking";"Bevolkingsmutatie";"Migratiesaldo";"personen";"2022";"Den Haag";"9751";"DHIC/Gemeente Den Haag/Dienst Publieke Zaken";"Vestiging totaal minus vertrek totaal.";
"Bevolking";"Bevolkingsmutatie";"Migratiesaldo";"personen";"2023";"Den Haag";"3526";"DHIC/Gemeente Den Haag/Dienst Publieke Zaken";"Vestiging totaal minus vertrek totaal.";
"Bevolking";"Migratiesaldo";"Migratiesaldo per 1000 inwoners";"per 1.000 inwoners";"1995";"Den Haag";"0,285329317587382";"DHIC/Gemeente Den Haag/Dienst Publieke Zaken";"Vestiging totaal minus vertrek totaal per duizend inwoners.";
"Bevolking";"Migratiesaldo";"Migratiesaldo per 1000 inwoners";"per 1.000 inwoners";"1996";"Den Haag";"-1,87110187110187";"DHIC/Gemeente Den Haag/Dienst Publieke Zaken";"Vestiging totaal minus vertrek totaal per duizend inwoners.";
"Bevolking";"Migratiesaldo";"Migratiesaldo per 1000 inwoners";"per 1.000 inwoners";"1997";"Den Haag";"-0,39802525198843";"DHIC/Gemeente Den Haag/Dienst Publieke Zaken";"Vestiging totaal minus vertrek totaal per duizend inwoners.";
"Bevolking";"Migratiesaldo";"Migratiesaldo per 1000 inwoners";"per 1.000 inwoners";"1998";"Den Haag";"-6,16355439918331";"DHIC/Gemeente Den Haag/Dienst Publieke Zaken";"Vestiging totaal minus vertrek totaal per duizend inwoners.";
"Bevolking";"Migratiesaldo";"Migratiesaldo per 1000 inwoners";"per 1.000 inwoners";"1999";"Den Haag";"-0,233703704544062";"DHIC/Gemeente Den Haag/Dienst Publieke Zaken";"Vestiging totaal minus vertrek totaal per duizend inwoners.";
"Bevolking";"Migratiesaldo";"Migratiesaldo per 1000 inwoners";"per 1.000 inwoners";"2000";"Den Haag";"0,795743339900294";"DHIC/Gemeente Den Haag/Dienst Publieke Zaken";"Vestiging totaal minus vertrek totaal per duizend inwoners.";
"Bevolking";"Migratiesaldo";"Migratiesaldo per 1000 inwoners";"per 1.000 inwoners";"2001";"Den Haag";"-3,15609322683403";"DHIC/Gemeente Den Haag/Dienst Publieke Zaken";"Vestiging totaal minus vertrek totaal per duizend inwoners.";
"Bevolking";"Migratiesaldo";"Migratiesaldo per 1000 inwoners";"per 1.000 inwoners";"2002";"Den Haag";"11,4819718839174";"DHIC/Gemeente Den Haag/Dienst Publieke Zaken";"Vestiging totaal minus vertrek totaal per duizend inwoners.";
"Bevolking";"Migratiesaldo";"Migratiesaldo per 1000 inwoners";"per 1.000 inwoners";"2003";"Den Haag";"7,82742574727118";"DHIC/Gemeente Den Haag/Dienst Publieke Zaken";"Vestiging totaal minus vertrek totaal per duizend inwoners.";
"Bevolking";"Migratiesaldo";"Migratiesaldo per 1000 inwoners";"per 1.000 inwoners";"2004";"Den Haag";"2,51296947806902";"DHIC/Gemeente Den Haag/Dienst Publieke Zaken";"Vestiging totaal minus vertrek totaal per duizend inwoners.";
"Bevolking";"Migratiesaldo";"Migratiesaldo per 1000 inwoners";"per 1.000 inwoners";"2005";"Den Haag";"4,03527315939647";"DHIC/Gemeente Den Haag/Dienst Publieke Zaken";"Vestiging totaal minus vertrek totaal per duizend inwoners.";
"Bevolking";"Migratiesaldo";"Migratiesaldo per 1000 inwoners";"per 1.000 inwoners";"2006";"Den Haag";"-9,36330375541444";"DHIC/Gemeente Den Haag/Dienst Publieke Zaken";"Vestiging totaal minus vertrek totaal per duizend inwoners.";
"Bevolking";"Migratiesaldo";"Migratiesaldo per 1000 inwoners";"per 1.000 inwoners";"2007";"Den Haag";"-0,20038727477525";"DHIC/Gemeente Den Haag/Dienst Publieke Zaken";"Vestiging totaal minus vertrek totaal per duizend inwoners.";
"Bevolking";"Migratiesaldo";"Migratiesaldo per 1000 inwoners";"per 1.000 inwoners";"2008";"Den Haag";"9,96419445938677";"DHIC/Gemeente Den Haag/Dienst Publieke Zaken";"Vestiging totaal minus vertrek totaal per duizend inwoners.";
"Bevolking";"Migratiesaldo";"Migratiesaldo per 1000 inwoners";"per 1.000 inwoners";"2009";"Den Haag";"8,88271745663302";"DHIC/Gemeente Den Haag/Dienst Publieke Zaken";"Vestiging totaal minus vertrek totaal per duizend inwoners.";
"Bevolking";"Migratiesaldo";"Migratiesaldo per 1000 inwoners";"per 1.000 inwoners";"2010";"Den Haag";"9,26276031074803";"DHIC/Gemeente Den Haag/Dienst Publieke Zaken";"Vestiging totaal minus vertrek totaal per duizend inwoners.";
"Bevolking";"Migratiesaldo";"Migratiesaldo per 1000 inwoners";"per 1.000 inwoners";"2011";"Den Haag";"7,99522865386785";"DHIC/Gemeente Den Haag/Dienst Publieke Zaken";"Vestiging totaal minus vertrek totaal per duizend inwoners.";
"Bevolking";"Migratiesaldo";"Migratiesaldo per 1000 inwoners";"per 1.000 inwoners";"2012";"Den Haag";"0,859185126550809";"DHIC/Gemeente Den Haag/Dienst Publieke Zaken";"Vestiging totaal minus vertrek totaal per duizend inwoners.";
"Bevolking";"Migratiesaldo";"Migratiesaldo per 1000 inwoners";"per 1.000 inwoners";"2013";"Den Haag";"-0,276479858442312";"DHIC/Gemeente Den Haag/Dienst Publieke Zaken";"Vestiging totaal minus vertrek totaal per duizend inwoners.";
"Bevolking";"Migratiesaldo";"Migratiesaldo per 1000 inwoners";"per 1.000 inwoners";"2014";"Den Haag";"7,10246781326396";"DHIC/Gemeente Den Haag/Dienst Publieke Zaken";"Vestiging totaal minus vertrek totaal per duizend inwoners.";
"Bevolking";"Migratiesaldo";"Migratiesaldo per 1000 inwoners";"per 1.000 inwoners";"2015";"Den Haag";"6,0437546898722";"DHIC/Gemeente Den Haag/Dienst Publieke Zaken";"Vestiging totaal minus vertrek totaal per duizend inwoners.";
"Bevolking";"Migratiesaldo";"Migratiesaldo per 1000 inwoners";"per 1.000 inwoners";"2016";"Den Haag";"5,20648284895054";"DHIC/Gemeente Den Haag/Dienst Publieke Zaken";"Vestiging totaal minus vertrek totaal per duizend inwoners.";
"Bevolking";"Migratiesaldo";"Migratiesaldo per 1000 inwoners";"per 1.000 inwoners";"2017";"Den Haag";"10,5564484683639";"DHIC/Gemeente Den Haag/Dienst Publieke Zaken";"Vestiging totaal minus vertrek totaal per duizend inwoners.";
"Bevolking";"Migratiesaldo";"Migratiesaldo per 1000 inwoners";"per 1.000 inwoners";"2018";"Den Haag";"8,07277693771036";"DHIC/Gemeente Den Haag/Dienst Publieke Zaken";"Vestiging totaal minus vertrek totaal per duizend inwoners.";
"Bevolking";"Migratiesaldo";"Migratiesaldo per 1000 inwoners";"per 1.000 inwoners";"2019";"Den Haag";"11,5742802018403";"DHIC/Gemeente Den Haag/Dienst Publieke Zaken";"Vestiging totaal minus vertrek totaal per duizend inwoners.";
"Bevolking";"Migratiesaldo";"Migratiesaldo per 1000 inwoners";"per 1.000 inwoners";"2020";"Den Haag";"4,04330676233447";"DHIC/Gemeente Den Haag/Dienst Publieke Zaken";"Vestiging totaal minus vertrek totaal per duizend inwoners.";
"Bevolking";"Migratiesaldo";"Migratiesaldo per 1000 inwoners";"per 1.000 inwoners";"2021";"Den Haag";"9,07745059299334";"DHIC/Gemeente Den Haag/Dienst Publieke Zaken";"Vestiging totaal minus vertrek totaal per duizend inwoners.";
"Bevolking";"Migratiesaldo";"Migratiesaldo per 1000 inwoners";"per 1.000 inwoners";"2022";"Den Haag";"17,6231596982502";"DHIC/Gemeente Den Haag/Dienst Publieke Zaken";"Vestiging totaal minus vertrek totaal per duizend inwoners.";
"Bevolking";"Migratiesaldo";"Migratiesaldo per 1000 inwoners";"per 1.000 inwoners";"2023";"Den Haag";"6,26152059411637";"DHIC/Gemeente Den Haag/Dienst Publieke Zaken";"Vestiging totaal minus vertrek totaal per duizend inwoners.";
"Bevolking";"Verhuismobiliteit";"Verhuismobiliteit";"procent (%)";"1995";"Den Haag";"18,8";"DHIC/Gemeente Den Haag/Dienst Publieke Zaken";"Aandeel vertrek totaal op het totaal aantal inwoners van het betreffende stadsdeel/wijk/buurt.";
"Bevolking";"Verhuismobiliteit";"Verhuismobiliteit";"procent (%)";"1996";"Den Haag";"19,8";"DHIC/Gemeente Den Haag/Dienst Publieke Zaken";"Aandeel vertrek totaal op het totaal aantal inwoners van het betreffende stadsdeel/wijk/buurt.";
"Bevolking";"Verhuismobiliteit";"Verhuismobiliteit";"procent (%)";"1997";"Den Haag";"19,2";"DHIC/Gemeente Den Haag/Dienst Publieke Zaken";"Aandeel vertrek totaal op het totaal aantal inwoners van het betreffende stadsdeel/wijk/buurt.";
"Bevolking";"Verhuismobiliteit";"Verhuismobiliteit";"procent (%)";"1998";"Den Haag";"19,8";"DHIC/Gemeente Den Haag/Dienst Publieke Zaken";"Aandeel vertrek totaal op het totaal aantal inwoners van het betreffende stadsdeel/wijk/buurt.";
"Bevolking";"Verhuismobiliteit";"Verhuismobiliteit";"procent (%)";"1999";"Den Haag";"18,4";"DHIC/Gemeente Den Haag/Dienst Publieke Zaken";"Aandeel vertrek totaal op het totaal aantal inwoners van het betreffende stadsdeel/wijk/buurt.";
"Bevolking";"Verhuismobiliteit";"Verhuismobiliteit";"procent (%)";"2000";"Den Haag";"15,9";"DHIC/Gemeente Den Haag/Dienst Publieke Zaken";"Aandeel vertrek totaal op het totaal aantal inwoners van het betreffende stadsdeel/wijk/buurt.";
"Bevolking";"Verhuismobiliteit";"Verhuismobiliteit";"procent (%)";"2001";"Den Haag";"16,1";"DHIC/Gemeente Den Haag/Dienst Publieke Zaken";"Aandeel vertrek totaal op het totaal aantal inwoners van het betreffende stadsdeel/wijk/buurt.";
"Bevolking";"Verhuismobiliteit";"Verhuismobiliteit";"procent (%)";"2002";"Den Haag";"16,3";"DHIC/Gemeente Den Haag/Dienst Publieke Zaken";"Aandeel vertrek totaal op het totaal aantal inwoners van het betreffende stadsdeel/wijk/buurt.";
"Bevolking";"Verhuismobiliteit";"Verhuismobiliteit";"procent (%)";"2003";"Den Haag";"16,5";"DHIC/Gemeente Den Haag/Dienst Publieke Zaken";"Aandeel vertrek totaal op het totaal aantal inwoners van het betreffende stadsdeel/wijk/buurt.";
"Bevolking";"Verhuismobiliteit";"Verhuismobiliteit";"procent (%)";"2004";"Den Haag";"15,3";"DHIC/Gemeente Den Haag/Dienst Publieke Zaken";"Aandeel vertrek totaal op het totaal aantal inwoners van het betreffende stadsdeel/wijk/buurt.";
"Bevolking";"Verhuismobiliteit";"Verhuismobiliteit";"procent (%)";"2005";"Den Haag";"16";"DHIC/Gemeente Den Haag/Dienst Publieke Zaken";"Aandeel vertrek totaal op het totaal aantal inwoners van het betreffende stadsdeel/wijk/buurt.";
"Bevolking";"Verhuismobiliteit";"Verhuismobiliteit";"procent (%)";"2006";"Den Haag";"17";"DHIC/Gemeente Den Haag/Dienst Publieke Zaken";"Aandeel vertrek totaal op het totaal aantal inwoners van het betreffende stadsdeel/wijk/buurt.";
"Bevolking";"Verhuismobiliteit";"Verhuismobiliteit";"procent (%)";"2007";"Den Haag";"16,2";"DHIC/Gemeente Den Haag/Dienst Publieke Zaken";"Aandeel vertrek totaal op het totaal aantal inwoners van het betreffende stadsdeel/wijk/buurt.";
"Bevolking";"Verhuismobiliteit";"Verhuismobiliteit";"procent (%)";"2008";"Den Haag";"15,9";"DHIC/Gemeente Den Haag/Dienst Publieke Zaken";"Aandeel vertrek totaal op het totaal aantal inwoners van het betreffende stadsdeel/wijk/buurt.";
"Bevolking";"Verhuismobiliteit";"Verhuismobiliteit";"procent (%)";"2009";"Den Haag";"15,4";"DHIC/Gemeente Den Haag/Dienst Publieke Zaken";"Aandeel vertrek totaal op het totaal aantal inwoners van het betreffende stadsdeel/wijk/buurt.";
"Bevolking";"Verhuismobiliteit";"Verhuismobiliteit";"procent (%)";"2010";"Den Haag";"15,3";"DHIC/Gemeente Den Haag/Dienst Publieke Zaken";"Aandeel vertrek totaal op het totaal aantal inwoners van het betreffende stadsdeel/wijk/buurt.";
"Bevolking";"Verhuismobiliteit";"Verhuismobiliteit";"procent (%)";"2011";"Den Haag";"14,2";"DHIC/Gemeente Den Haag/Dienst Publieke Zaken";"Aandeel vertrek totaal op het totaal aantal inwoners van het betreffende stadsdeel/wijk/buurt.";
"Bevolking";"Verhuismobiliteit";"Verhuismobiliteit";"procent (%)";"2012";"Den Haag";"14,6";"DHIC/Gemeente Den Haag/Dienst Publieke Zaken";"Aandeel vertrek totaal op het totaal aantal inwoners van het betreffende stadsdeel/wijk/buurt.";
"Bevolking";"Verhuismobiliteit";"Verhuismobiliteit";"procent (%)";"2013";"Den Haag";"15,7";"DHIC/Gemeente Den Haag/Dienst Publieke Zaken";"Aandeel vertrek totaal op het totaal aantal inwoners van het betreffende stadsdeel/wijk/buurt.";
"Bevolking";"Verhuismobiliteit";"Verhuismobiliteit";"procent (%)";"2014";"Den Haag";"15,2";"DHIC/Gemeente Den Haag/Dienst Publieke Zaken";"Aandeel vertrek totaal op het totaal aantal inwoners van het betreffende stadsdeel/wijk/buurt.";
"Bevolking";"Verhuismobiliteit";"Verhuismobiliteit";"procent (%)";"2015";"Den Haag";"15,2";"DHIC/Gemeente Den Haag/Dienst Publieke Zaken";"Aandeel vertrek totaal op het totaal aantal inwoners van het betreffende stadsdeel/wijk/buurt.";
"Bevolking";"Verhuismobiliteit";"Verhuismobiliteit";"procent (%)";"2016";"Den Haag";"15,8";"DHIC/Gemeente Den Haag/Dienst Publieke Zaken";"Aandeel vertrek totaal op het totaal aantal inwoners van het betreffende stadsdeel/wijk/buurt.";
"Bevolking";"Verhuismobiliteit";"Verhuismobiliteit";"procent (%)";"2017";"Den Haag";"15,9";"DHIC/Gemeente Den Haag/Dienst Publieke Zaken";"Aandeel vertrek totaal op het totaal aantal inwoners van het betreffende stadsdeel/wijk/buurt.";
"Bevolking";"Verhuismobiliteit";"Verhuismobiliteit";"procent (%)";"2018";"Den Haag";"14,5";"DHIC/Gemeente Den Haag/Dienst Publieke Zaken";"Aandeel vertrek totaal op het totaal aantal inwoners van het betreffende stadsdeel/wijk/buurt.";
"Bevolking";"Verhuismobiliteit";"Verhuismobiliteit";"procent (%)";"2019";"Den Haag";"14,3";"DHIC/Gemeente Den Haag/Dienst Publieke Zaken";"Aandeel vertrek totaal op het totaal aantal inwoners van het betreffende stadsdeel/wijk/buurt.";
"Bevolking";"Verhuismobiliteit";"Verhuismobiliteit";"procent (%)";"2020";"Den Haag";"15";"DHIC/Gemeente Den Haag/Dienst Publieke Zaken";"Aandeel vertrek totaal op het totaal aantal inwoners van het betreffende stadsdeel/wijk/buurt.";
"Bevolking";"Verhuismobiliteit";"Verhuismobiliteit";"procent (%)";"2021";"Den Haag";"14,6";"DHIC/Gemeente Den Haag/Dienst Publieke Zaken";"Aandeel vertrek totaal op het totaal aantal inwoners van het betreffende stadsdeel/wijk/buurt.";
"Bevolking";"Verhuismobiliteit";"Verhuismobiliteit";"procent (%)";"2022";"Den Haag";"14,8";"DHIC/Gemeente Den Haag/Dienst Publieke Zaken";"Aandeel vertrek totaal op het totaal aantal inwoners van het betreffende stadsdeel/wijk/buurt.";
"Bevolking";"Verhuismobiliteit";"Verhuismobiliteit";"procent (%)";"2023";"Den Haag";"14,6";"DHIC/Gemeente Den Haag/Dienst Publieke Zaken";"Aandeel vertrek totaal op het totaal aantal inwoners van het betreffende stadsdeel/wijk/buurt.";
"Bevolking";"Verwachte ontwikkeling demografische druk";"demografische druk prognose WBP";"percentage";"2024";"Den Haag";"44,7";"DHIC/Gemeente Den Haag/Dienst Stedelijke Ontwikkeling/SEPO";"Bevolkingsprognose Den Haag";
"Bevolking";"Verwachte ontwikkeling demografische druk";"demografische druk prognose WBP";"percentage";"2025";"Den Haag";"44,6";"DHIC/Gemeente Den Haag/Dienst Stedelijke Ontwikkeling/SEPO";"Bevolkingsprognose Den Haag";
"Bevolking";"Verwachte ontwikkeling demografische druk";"demografische druk prognose WBP";"percentage";"2026";"Den Haag";"44,4";"DHIC/Gemeente Den Haag/Dienst Stedelijke Ontwikkeling/SEPO";"Bevolkingsprognose Den Haag";
"Bevolking";"Verwachte ontwikkeling demografische druk";"demografische druk prognose WBP";"percentage";"2027";"Den Haag";"44,2";"DHIC/Gemeente Den Haag/Dienst Stedelijke Ontwikkeling/SEPO";"Bevolkingsprognose Den Haag";
"Bevolking";"Verwachte ontwikkeling demografische druk";"demografische druk prognose WBP";"percentage";"2028";"Den Haag";"44,1";"DHIC/Gemeente Den Haag/Dienst Stedelijke Ontwikkeling/SEPO";"Bevolkingsprognose Den Haag";
"Bevolking";"Verwachte ontwikkeling demografische druk";"demografische druk prognose WBP";"percentage";"2029";"Den Haag";"44,2";"DHIC/Gemeente Den Haag/Dienst Stedelijke Ontwikkeling/SEPO";"Bevolkingsprognose Den Haag";
"Bevolking";"Verwachte ontwikkeling demografische druk";"demografische druk prognose WBP";"percentage";"2030";"Den Haag";"44,2";"DHIC/Gemeente Den Haag/Dienst Stedelijke Ontwikkeling/SEPO";"Bevolkingsprognose Den Haag";
"Bevolking";"Verwachte ontwikkeling demografische druk";"demografische druk prognose WBP";"percentage";"2031";"Den Haag";"44,4";"DHIC/Gemeente Den Haag/Dienst Stedelijke Ontwikkeling/SEPO";"Bevolkingsprognose Den Haag";
"Bevolking";"Verwachte ontwikkeling demografische druk";"demografische druk prognose WBP";"percentage";"2032";"Den Haag";"44,6";"DHIC/Gemeente Den Haag/Dienst Stedelijke Ontwikkeling/SEPO";"Bevolkingsprognose Den Haag";
"Bevolking";"Verwachte ontwikkeling demografische druk";"demografische druk prognose WBP";"percentage";"2033";"Den Haag";"45";"DHIC/Gemeente Den Haag/Dienst Stedelijke Ontwikkeling/SEPO";"Bevolkingsprognose Den Haag";
"Bevolking";"Prognose absolute groei bevolking";"Prognose absolute groei bevolking";"aantal";"2024";"Den Haag";"2594";"";"";
"Bevolking";"Prognose absolute groei bevolking";"Prognose absolute groei bevolking";"aantal";"2025";"Den Haag";"3611";"";"";
"Bevolking";"Prognose absolute groei bevolking";"Prognose absolute groei bevolking";"aantal";"2026";"Den Haag";"5378";"";"";
"Bevolking";"Prognose absolute groei bevolking";"Prognose absolute groei bevolking";"aantal";"2027";"Den Haag";"4689";"";"";
"Bevolking";"Prognose absolute groei bevolking";"Prognose absolute groei bevolking";"aantal";"2028";"Den Haag";"5124";"";"";
"Bevolking";"Prognose absolute groei bevolking";"Prognose absolute groei bevolking";"aantal";"2029";"Den Haag";"8508";"";"";
"Bevolking";"Prognose absolute groei bevolking";"Prognose absolute groei bevolking";"aantal";"2030";"Den Haag";"7367";"";"";
"Bevolking";"Prognose absolute groei bevolking";"Prognose absolute groei bevolking";"aantal";"2031";"Den Haag";"6579";"";"";
"Bevolking";"Prognose absolute groei bevolking";"Prognose absolute groei bevolking";"aantal";"2032";"Den Haag";"4132";"";"";
"Bevolking";"Huishoudens";"Aantal huishoudens";"aantal";"2024";"Den Haag";"286756";"DHIC/Gemeente Den Haag/Dienst Stedelijke Ontwikkeling/SEPO";"";
"Bevolking";"Huishoudens";"Aantal huishoudens";"aantal";"2019";"Den Haag";"267644";"DHIC/Gemeente Den Haag/Dienst Stedelijke Ontwikkeling/SEPO";"";
"Bevolking";"Huishoudensgroei afgelopen 5 jaar";"Huishoudensgroei afgelopen 5 jaar";"procent (%)";"2024";"Den Haag";"7,1";"DHIC/Gemeente Den Haag/Dienst Stedelijke Ontwikkeling/SEPO";"";
"Bevolking";"Verwachte ontwikkeling huishoudens naar type";"Eenpersoonshuishouden WBP";"aantal";"2030";"Den Haag";"153305";"DHIC/Gemeente Den Haag/Dienst Stedelijke Ontwikkeling/SEPO";"";
"Bevolking";"Verwachte ontwikkeling huishoudens naar type";"Eenpersoonshuishouden WBP";"aantal";"2030";"Den Haag";"153305";"DHIC/Gemeente Den Haag/Dienst Stedelijke Ontwikkeling/SEPO";"";
"Bevolking";"Verwachte ontwikkeling huishoudens naar type";"Samenwonend zonder kinderen WBP";"aantal";"2030";"Den Haag";"71348";"DHIC/Gemeente Den Haag/Dienst Stedelijke Ontwikkeling/SEPO";"";
"Bevolking";"Verwachte ontwikkeling huishoudens naar type";"Samenwonend zonder kinderen WBP";"aantal";"2030";"Den Haag";"71348";"DHIC/Gemeente Den Haag/Dienst Stedelijke Ontwikkeling/SEPO";"";
"Bevolking";"Verwachte ontwikkeling huishoudens naar type";"Samenwonend met kinderen WBP";"aantal";"2030";"Den Haag";"58658";"DHIC/Gemeente Den Haag/Dienst Stedelijke Ontwikkeling/SEPO";"";
"Bevolking";"Verwachte ontwikkeling huishoudens naar type";"Samenwonend met kinderen WBP";"aantal";"2030";"Den Haag";"58658";"DHIC/Gemeente Den Haag/Dienst Stedelijke Ontwikkeling/SEPO";"";
"Bevolking";"Verwachte ontwikkeling huishoudens naar type";"Eenoudergezin WBP";"aantal";"2030";"Den Haag";"25672";"DHIC/Gemeente Den Haag/Dienst Stedelijke Ontwikkeling/SEPO";"";
"Bevolking";"Verwachte ontwikkeling huishoudens naar type";"Eenoudergezin WBP";"aantal";"2030";"Den Haag";"25672";"DHIC/Gemeente Den Haag/Dienst Stedelijke Ontwikkeling/SEPO";"";
"Bevolking";"Huishoudens naar samenstelling";"% eenpersoonshuishouden";"procent (%)";"2024";"Den Haag";"48,3";"DHIC/Gemeente Den Haag/Dienst Stedelijke Ontwikkeling/SEPO";"";
"Bevolking";"Huishoudens naar samenstelling";"% eenpersoonshuishouden";"procent (%)";"2019";"Den Haag";"46,9";"DHIC/Gemeente Den Haag/Dienst Stedelijke Ontwikkeling/SEPO";"";
"Bevolking";"Huishoudens naar samenstelling";"% samenwonend zonder kinderen";"procent (%)";"2024";"Den Haag";"22,7";"DHIC/Gemeente Den Haag/Dienst Stedelijke Ontwikkeling/SEPO";"";
"Bevolking";"Huishoudens naar samenstelling";"% samenwonend zonder kinderen";"procent (%)";"2019";"Den Haag";"22,3";"DHIC/Gemeente Den Haag/Dienst Stedelijke Ontwikkeling/SEPO";"";
"Bevolking";"Huishoudens naar samenstelling";"% samenwonend met kinderen";"procent (%)";"2024";"Den Haag";"20,2";"DHIC/Gemeente Den Haag/Dienst Stedelijke Ontwikkeling/SEPO";"";
"Bevolking";"Huishoudens naar samenstelling";"% samenwonend met kinderen";"procent (%)";"2019";"Den Haag";"21,4";"DHIC/Gemeente Den Haag/Dienst Stedelijke Ontwikkeling/SEPO";"";
"Bevolking";"Huishoudens naar samenstelling";"% eenoudergezin";"procent (%)";"2024";"Den Haag";"8,8";"DHIC/Gemeente Den Haag/Dienst Stedelijke Ontwikkeling/SEPO";"";
"Bevolking";"Huishoudens naar samenstelling";"% eenoudergezin";"procent (%)";"2019";"Den Haag";"9,3";"DHIC/Gemeente Den Haag/Dienst Stedelijke Ontwikkeling/SEPO";"";
"Bevolking";"Verwachte ontwikkeling huishoudens";"Aantal huishoudens prognose WBP";"aantal";"2024";"Den Haag";"286756";"DHIC/Gemeente Den Haag/Dienst Stedelijke Ontwikkeling/SEPO";"";
"Bevolking";"Verwachte ontwikkeling huishoudens";"Aantal huishoudens prognose WBP";"aantal";"2025";"Den Haag";"289414";"DHIC/Gemeente Den Haag/Dienst Stedelijke Ontwikkeling/SEPO";"";
"Bevolking";"Verwachte ontwikkeling huishoudens";"Aantal huishoudens prognose WBP";"aantal";"2026";"Den Haag";"292518";"DHIC/Gemeente Den Haag/Dienst Stedelijke Ontwikkeling/SEPO";"";
"Bevolking";"Verwachte ontwikkeling huishoudens";"Aantal huishoudens prognose WBP";"aantal";"2027";"Den Haag";"296445";"DHIC/Gemeente Den Haag/Dienst Stedelijke Ontwikkeling/SEPO";"";
"Bevolking";"Verwachte ontwikkeling huishoudens";"Aantal huishoudens prognose WBP";"aantal";"2028";"Den Haag";"299987";"DHIC/Gemeente Den Haag/Dienst Stedelijke Ontwikkeling/SEPO";"";
"Bevolking";"Verwachte ontwikkeling huishoudens";"Aantal huishoudens prognose WBP";"aantal";"2029";"Den Haag";"303670";"DHIC/Gemeente Den Haag/Dienst Stedelijke Ontwikkeling/SEPO";"";
"Bevolking";"Verwachte ontwikkeling huishoudens";"Aantal huishoudens prognose WBP";"aantal";"2030";"Den Haag";"308977";"DHIC/Gemeente Den Haag/Dienst Stedelijke Ontwikkeling/SEPO";"";
"Bevolking";"Verwachte ontwikkeling huishoudens";"Aantal huishoudens prognose WBP";"aantal";"2031";"Den Haag";"313658";"DHIC/Gemeente Den Haag/Dienst Stedelijke Ontwikkeling/SEPO";"";
"Bevolking";"Verwachte ontwikkeling huishoudens";"Aantal huishoudens prognose WBP";"aantal";"2032";"Den Haag";"317778";"DHIC/Gemeente Den Haag/Dienst Stedelijke Ontwikkeling/SEPO";"";
"Bevolking";"Verwachte ontwikkeling huishoudens";"Aantal huishoudens prognose WBP";"aantal";"2033";"Den Haag";"320520";"DHIC/Gemeente Den Haag/Dienst Stedelijke Ontwikkeling/SEPO";"";
